id,old_id,prov_id,title,,,,,,wekeo,dataspace,cds,clms,vito,terrascope,openeo,eea,eum,cmems,mspc,gee,earthsearch,creodias,sentinelhub,eurac,openscience,Priority,licensor,producer,processor,license,Status,Note
EO.ECMWF.DAT.DEDT.CC-OP,DTCC-01,dtwins,Digital Twin forecast Climate Change Adaptation,,,,,,,,,,,,,,,,,,,,,,,1,ECMWF,ECMWF,ECMWF,https://cds.climate.copernicus.eu/api/v2/terms/static/licence-to-use-copernicus-products.pdf,ID_CHANGE,"DE for DestinE, DT for Digital Twins, CC Climate change, OP, operational"
EO.ECMWF.DAT.DEDT.EE-OP,DTEE-01,dtwins,Weather-induced and Geophysical Extremes Digital Twin,,,,,,,,,,,,,,,,,,,,,,,2,ECMWF,ECMWF,ECMWF,https://cds.climate.copernicus.eu/api/v2/terms/static/licence-to-use-copernicus-products.pdf,ID_CHANGE,"DE for DestinE, DT for Digital Twins, EE Extreme Events, OP, operational"
EO.ECMWF.DAT.DEDT.CC-OD,DTCC-OD-01,dtwins,On-demand Climate Change,,,,,,,,,,,,,,,,,,,,,,,3,ECMWF,ECMWF,ECMWF,https://cds.climate.copernicus.eu/api/v2/terms/static/licence-to-use-copernicus-products.pdf,ID_CHANGE,"DE for DestinE, DT for Digital Twins, CC Climate change, OD On Demand"
EO.ECMWF.DAT.DEDT.EE-OD,DTEE-OD-01,dtwins,On-demand Extreme Event,,,,,,,,,,,,,,,,,,,,,,,4,ECMWF,ECMWF,ECMWF,https://cds.climate.copernicus.eu/api/v2/terms/static/licence-to-use-copernicus-products.pdf,ID_CHANGE,"DE for DestinE, DT for Digital Twins, EE Extreme Events, OD On Demand"
EO.ESA.DAT.COP-DEM.GLO-30,EO:ESA:DAT:COP,esa,Copernicus DEM - Global and European Digital Elevation Model (COP-DEM),,,,,,EO:DEM:DAT:COP-DEM_GLO-30-DGED__2021_1,,,,TERRASCOPE_S2_FAPAR_V2,urn:eop:VITO:TERRASCOPE_S2_FAPAR_V2,TERRASCOPE_S2_FAPAR_V2,,,,cop-dem-glo-30,COPERNICUS/DEM/GLO30,cop-dem-glo-30,COP-DEM,,,,5,ESA,Sinergise,sinergise,https://eur-lex.europa.eu/legal-content/EN/TXT/?uri=CELEX:32013R1159,,
EO.CLMS.DAT.CORINE,EO:CLMS:DAT:CORINE,eea,CORINE Land Cover,,,,,,EO:CLMS:DAT:CORINE,,,,CORINE_LAND_COVER,,CORINE_LAND_COVER,a5144888-ee2a-4e5d-a7b0-2bbf21656348,,,,COPERNICUS/CORINE/V20/100m,,,,,,6,EEA,EEA,EEA,https://www.eea.europa.eu/en/datahub/eea-data-policy,,
STAT.EUSTAT.DAT.POP_AGE_SEX_NUTS2,STAT:EUSTAT:DAT:POP_AGE_SEX_NUTS2,eustat,Population distribution: Population on 1 January by age sex and NUTS 2 region,,,,,,,,,,,,,,,,,,,,,,,7,,,,,,
STAT.EUSTAT.DAT.POP_AGE_GROUP_SEX_NUTS3,STAT:EUSTAT:DAT:POP_AGE_GROUP_SEX_NUTS3,eustat,Population distribution: Population on 1 January by age group sex and NUTS 3 region,,,,,,,,,,,,,,,,,,,,,,,8,,,,,,
STAT.EUSTAT.DAT.POP_CHANGE_DEMO_BALANCE_CRUDE_RATES_NUTS3,STAT:EUSTAT:DAT:POP_CHANGE_DEMO_BALANCE_CRUDE_RATES_NUTS3,eustat,Population change - Demographic balance and crude rates at regional level (NUTS 3),,,,,,,,,,,,,,,,,,,,,,,9,,,,,,
STAT.EUSTAT.DAT.GREENHOUSE_GAS_EMISSION_AGRICULTURE,STAT:EUSTAT:DAT:GREENHOUSE_GAS_EMISSION_AGRICULTURE,eustat,Greenhouse gas emissions from agriculture,,,,,,,,,,,,,,,,,,,,,,,10,,,,,,
STAT.EUSTAT.DAT.SHARE_ENERGY_FROM_RENEWABLE,STAT:EUSTAT:DAT:SHARE_ENERGY_FRONM_RENEWABLE,eustat,Share of energy from renewable sources,,,,,,,,,,,,,,,,,,,,,,,11,,,,,,
EO.ECMWF.DAT.SIS-HYDROLOGY-METEOROLOGY-DERIVED-PROJECTIONS,EO:ECMWF:DAT:SIS_HYDROLOGY_METEOROLOGY_DERIVED_PROJECTIONS,cds,Hydrology-related climate impact indicators from 1970 to 2100 derived from bias adjusted European climate projections,,,,,,EO:ECMWF:DAT:SIS_HYDROLOGY_METEOROLOGY_DERIVED_PROJECTIONS,,eu.copernicus.climate.sis-hydrology-meteorology-derived-projections,,,,,,,,,,,,,,,12,ECMWF,ECMWF,ECMWF,https://cds.climate.copernicus.eu/api/v2/terms/static/licence-to-use-copernicus-products.pdf,NEW,Replacing both EO:ECMWF:DAT:WATER_QUALITY_INDICATOR_FOR_EUROPEAN_RIVERS and EO:ECMWF:DAT:WATER_QUANTITY_INDICATORS_FOR_EUROPEAN_CATCHMENTS
,EO:ECMWF:DAT:WATER_QUALITY_INDICATOR_FOR_EUROPEAN_RIVERS,cds,Water quantity indicators for Europe,,,,,,EO:ECMWF:DAT:WATER_QUALITY_INDICATOR_FOR_EUROPEAN_RIVERS,,,,,,,,,,,,,,,,,12,ECMWF,ECMWF,ECMWF,https://cds.climate.copernicus.eu/api/v2/terms/static/licence-to-use-copernicus-products.pdf,DECOM,"Decommissioned, Replaced by EO:ECMWF:DAT:SIS_HYDROLOGY_METEOROLOGY_DERIVED_PROJECTIONS"
EO.ECMWF.DAT.ERA5-HOURLY-VARIABLES-ON-PRESSURE-LEVELS,EO:ECMWF:DAT:ERA5_HOURLY_VARIABLES_ON_PRESSURE_LEVELS,cds,ERA5 hourly data on pressure levels from 1979 to present,,,,,,EO:ECMWF:DAT:REANALYSIS_ERA5_PRESSURE_LEVELS,,eu.copernicus.climate.reanalysis-era5-pressure-levels,,,,,,,,,,,,,,,13,ECMWF,ECMWF,ECMWF,https://cds.climate.copernicus.eu/api/v2/terms/static/licence-to-use-copernicus-products.pdf,,
EO.ECMWF.DAT.ERA5-LAND-HOURLY,EO:ECMWF:DAT:ERA5_LAND_HOURLY,cds,ERA5-Land hourly data from 1950 to present,,,,,,EO:ECMWF:DAT:REANALYSIS_ERA5_LAND,,eu.copernicus.climate.reanalysis-era5-land,,,,,,,,,,,,,,,14,ECMWF,ECMWF,ECMWF,https://cds.climate.copernicus.eu/api/v2/terms/static/licence-to-use-copernicus-products.pdf,,
EO.ECMWF.DAT.REANALYSIS-ERA5-SINGLE-LEVELS,EO:ECMWF:DAT:REANALYSIS_ERA5_SINGLE_LEVELS,cds,ERA5 hourly data on singles levels from 1979 to present,,,,,,EO:ECMWF:DAT:REANALYSIS_ERA5_SINGLE_LEVELS,,eu.copernicus.climate.reanalysis-era5-single-levels,,,,,,,,,,,,,,,15,ECMWF,ECMWF,ECMWF,https://cds.climate.copernicus.eu/api/v2/terms/static/licence-to-use-copernicus-products.pdf,,
EO.ECMWF.DAT.REANALYSIS-UERRA-EUROPE-SINGLE-LEVELS,EO:ECMWF:DAT:REANALYSIS_UERRA_EUROPE_SINGLE_LEVELS,cds,UERRA regional reanalysis for Europe on single levels from 1961 to 2019,,,,,,EO:ECMWF:DAT:REANALYSIS_UERRA_EUROPE_SINGLE_LEVELS,,eu.copernicus.climate.reanalysis-uerra-europe-single-levels,,,,,,,,,,,,,,,16,ECMWF,ECMWF,ECMWF,https://cds.climate.copernicus.eu/api/v2/terms/static/licence-to-use-copernicus-products.pdf,,
EO.CLMS.DAT.GLO.FCOVER300_V1,EO:CLMS:DAT:CGLS_GLOBAL_FCOVER300_V1_333M,clms,Global 10-daily Fraction of Vegetation Cover 333m,,,,,,EO:CLMS:DAT:CGLS_GLOBAL_FCOVER300_V1_333M,,,urn:cgls:global:fcover300_v1_333m,CGLS_FCOVER300_V1_GLOBAL,,CGLS_FCOVER300_V1_GLOBAL,,,,,,,,,,,17,JRC,VITO NV,VITO NV,https://eur-lex.europa.eu/legal-content/EN/TXT/?uri=CELEX:32013R1159,ID_CHANGE,
EO.CLMS.DAT.GLO.NDVI_1KM_V2,EO:CLMS:DAT:CGLS_GLOBAL_NDVI_V2_1KM,clms,Global 10-daily Normalized Difference Vegetation Index 1KM,,,,,,EO:CLMS:DAT:CGLS_GLOBAL_NDVI_V2_1KM_LTS,,,urn:cgls:global:ndvi_v2_1km,CGLS_NDVI_V2_GLOBAL,,CGLS_NDVI_V2_GLOBAL,,,,,,,,,,,18,JRC,VITO NV,VITO NV,https://eur-lex.europa.eu/legal-content/EN/TXT/?uri=CELEX:32013R1159,ID_CHANGE,
EO.CLMS.DAT.GLO.NDVI300_V1,EO:CLMS:DAT:CGLS_GLOBAL_NDVI300_V1_333M,clms,Global 10-daily Normalized Difference Vegetation Index 333M,,,,,,EO:CLMS:DAT:CGLS_GLOBAL_NDVI300_V1_333M,,,urn:cgls:global:ndvi_v2_1km,CGLS_NDVI_V2_GLOBAL,,CGLS_NDVI_V2_GLOBAL,,,,,,,,,,,19,JRC,VITO NV,VITO NV,https://eur-lex.europa.eu/legal-content/EN/TXT/?uri=CELEX:32013R1159,ID_CHANGE,
EO.CLMS.DAT.SENTINEL-2.HRVPP.VI,EO:HRVPP:DAT:VEGETATION-INDICES,clms,Vegetation Indices daily (10m),,,,,,EO:EEA:DAT:CLMS_HRVPP_VI,,,,VEGETATION_INDICES,,VEGETATION_INDICES,,VEGETATION_INDICES,,,,,,,,,20,JRC,VITO NV,VITO NV,https://eur-lex.europa.eu/legal-content/EN/TXT/?uri=CELEX:32013R1159,,
EO.CLMS.DAT.SENTINEL-2.HRVPP.NDVI,,clms,,,,,,,,,,,TERRASCOPE_S2_NDVI_V2,urn:eop:VITO:TERRASCOPE_S2_NDVI_V2,TERRASCOPE_S2_NDVI_V2,,,,,,,,,,,20,JRC,VITO NV,VITO NV,,CHILD,
EO.CLMS.DAT.SENTINEL-2.HRVPP.FAPAR,,clms,,,,,,,,,,,TERRASCOPE_S2_FAPAR_V2,urn:eop:VITO:TERRASCOPE_S2_FAPAR_V2,TERRASCOPE_S2_FAPAR_V2,,,,,,,,,,,20,JRC,VITO NV,VITO NV,,CHILD,
EO.CLMS.DAT.SENTINEL-2.HRVPP.LAI,,clms,,,,,,,,,,,TERRASCOPE_S2_LAI_V2,urn:eop:VITO:TERRASCOPE_S2_LAI_V2,TERRASCOPE_S2_LAI_V2,,,,,,,,,,,20,JRC,VITO NV,VITO NV,,CHILD,
EO.CLMS.DAT.SENTINEL-2.HRVPP.FCOVER,,clms,,,,,,,,,,,TERRASCOPE_S2_FCOVER_V2,urn:eop:VITO:TERRASCOPE_S2_FCOVER_V2,TERRASCOPE_S2_FCOVER_V2,,,,,,,,,,,20,JRC,VITO NV,VITO NV,,CHILD,
EO.CLMS.DAT.SENTINEL-2.HRVPP.QFLAG2,,clms,,,,,,,,,,,,,,,,,,,,,,,,20,JRC,VITO NV,VITO NV,,CHILD,
EO.CLMS.DAT.GLO.BA300_V1,URN:CGLS:GLOBAL:BA300_V1_333M,clms,10-daily Burned Area 300M,,,,,,EO:CLMS:DAT:CGLS_GLOBAL_BA300_V1_333M,,,urn:cgls:global:ba300_v1_333m,,,,,,,,,,,,,,21,JRC,VITO NV,VITO NV,https://eur-lex.europa.eu/legal-content/EN/TXT/?uri=CELEX:32013R1159,ID_CHANGE,
EO.CLMS.DAT.GLO.BA300_V3,URN:CGLS:GLOBAL:BA300_V3_333M,clms,10-daily Burned Area 300M (V3),,,,,,EO:CLMS:DAT:CGLS_GLOBAL_BA300_V3,,,urn:cgls:global:ba300_v3_333m,,,,,,,,,,,,,,22,JRC,VITO NV,VITO NV,https://eur-lex.europa.eu/legal-content/EN/TXT/?uri=CELEX:32013R1159,ID_CHANGE,
EO.CLMS.DAT.GLO.DMP300_V1,URN:CGLS:GLOBAL:DMP300_V1_333M,clms,10-daily Dry Matter Productivity 333M from 2014 to present,,,,,,EO:CLMS:DAT:CGLS_GLOBAL_DMP300_V1_333M,,,urn:cgls:global:dmp300_v1_333m,,,,,,,,,,,,,,23,JRC,VITO NV,VITO NV,https://eur-lex.europa.eu/legal-content/EN/TXT/?uri=CELEX:32013R1159,ID_CHANGE,
EO.CLMS.DAT.GLO.GDMP300_V1,URN:CGLS:GLOBAL:GDMP300_V1_333M,clms,10-daily Gross Dry Matter Productivity 333M,,,,,,EO:CLMS:DAT:CGLS_GLOBAL_GDMP300_V1_333M,,,urn:cgls:global:gdmp300_v1_333m,CGLS_GDMP300_V1_GLOBAL,,CGLS_GDMP300_V1_GLOBAL,,,,,,,,,,,24,JRC,VITO NV,VITO NV,https://eur-lex.europa.eu/legal-content/EN/TXT/?uri=CELEX:32013R1159,ID_CHANGE,
EO.EUM.DAT.SENTINEL-3.OL_1_EFR___,EO:EUM:DAT:SENTINEL-3:OL_1_EFR___,eum,Sentinel-3 L1B OLCI Full Resolution,,,,,,EO:EUM:DAT:SENTINEL-3:OL_1_EFR___,,,,,,,,EO:EUM:DAT:0409,,,,,,,,,25,EUMETSAT,EUMETSAT,EUMETSAT,https://eur-lex.europa.eu/legal-content/EN/TXT/?uri=CELEX:32013R1159,,
EO.EUM.DAT.SENTINEL-3.OL_1_WFR___,EO:EUM:DAT:SENTINEL-3:OL_1_WFR___,eum,Sentinel-3 Level 2 OLCI Ocean Color Full Resolution,,,,,,EO:EUM:DAT:SENTINEL-3:OL_2_WFR___,,,,,,,,EO:EUM:DAT:0407,,,,,,,,,26,EUMETSAT,EUMETSAT,EUMETSAT,https://eur-lex.europa.eu/legal-content/EN/TXT/?uri=CELEX:32013R1159,,
EO.EUM.DAT.SENTINEL-3.SR_1_SRA___,EO:EUM:DAT:SENTINEL-3:SR_1_SRA___,eum,Sentinel-3 Level 1B SRAL,,,,,,EO:EUM:DAT:SENTINEL-3:SR_1_SRA___,,,,,,,,EO:EUM:DAT:0406,,,,,,,,,27,EUMETSAT,EUMETSAT,EUMETSAT,https://eur-lex.europa.eu/legal-content/EN/TXT/?uri=CELEX:32013R1159,,
EO.EUM.DAT.SENTINEL-3.SR_2_WAT___,EO:EUM:DAT:SENTINEL-3:SR_2_WAT___,eum,Sentinel-3 Level 2 SRAL Altimetry Global,,,,,,EO:EUM:DAT:SENTINEL-3:SR_2_WAT___,,,,,,,,EO:EUM:DAT:0415,,,,,,,,,28,EUMETSAT,EUMETSAT,EUMETSAT,https://eur-lex.europa.eu/legal-content/EN/TXT/?uri=CELEX:32013R1159,,
EO.ESA.DAT.SENTINEL-1.L1_GRD,EO:ESA:DAT:EODC-SENTINEL-1:L1_GRD,dataspace,Sentinel-1 Level 1 GRD,,,,,,EO:ESA:DAT:EODC-SENTINEL-1:L1_GRD,,,,,,SENTINEL1_GRD,,,,sentinel-1-grd,COPERNICUS/S1_GRD,sentinel-1-grd,,,,,29,ESA,ESA,,https://sentinels.copernicus.eu/documents/247904/690755/Sentinel_Data_Legal_Notice,ID_CHANGE,"The dedl id was derived from wekeo, which is using EODC store, not sure the one available on creodias are from the EODC store, thus removing EODC in the ID"
EO.ESA.DAT.SENTINEL-1.L1_SLC,EO:ESA:DAT:EODC-SENTINEL-1:L1_SLC,dataspace,Sentinel-1 Level 1 SLC,,,,,,EO:ESA:DAT:EODC-SENTINEL-1:L1_SLC,,,,,,,,,,,,,,,,,30,ESA,ESA,,https://sentinels.copernicus.eu/documents/247904/690755/Sentinel_Data_Legal_Notice,ID_CHANGE,"The dedl id was derived from wekeo, which is using EODC store, not sure the one available on creodias are from the EODC store, thus removing EODC in the ID"
EO.ESA.DAT.SENTINEL-2.MSI.L1C,EO:ESA:DAT:SENTINEL-2:MSI:L1C,dataspace,Sentinel-2 Level 1C: Top-Of-Atmosphere reflectances in cartographic geometry,,,,,,EO:ESA:DAT:SENTINEL-2:MSI,,,,SENTINEL2_L1C,urn:eop:VITO:CGS_S2_L1C,SENTINEL2_L1C,,,,,,,,,,,31,ESA,ESA,,https://sentinels.copernicus.eu/documents/247904/690755/Sentinel_Data_Legal_Notice,,
EO.ESA.DAT.SENTINEL-2.MSI.L2A,EO:ESA:DAT:SENTINEL-2:MSI:L2A,dataspace,Sentinel-2 Level 2A: Bottom-Of-Atmosphere reflectance in cartographic geometry,,,,,,EO:ESA:DAT:SENTINEL-2:MSI,,,,SENTINEL2_L2A,,SENTINEL2_L2A,,,,sentinel-2-l2a,,,,,,,32,ESA,ESA,,https://sentinels.copernicus.eu/documents/247904/690755/Sentinel_Data_Legal_Notice,,
EO.EUM.DAT.SENTINEL-3.OL_1_ERR___,EO:EUM:DAT:SENTINEL-3:OL_1_ERR___,eum,Sentinel-3 L1B OLCI Reduced Resolution,,,,,,EO:EUM:DAT:SENTINEL-3:OL_1_ERR___,,,,,,,,EO:EUM:DAT:0410,,,,,,,,,33,ESA,ESA,,https://sentinels.copernicus.eu/documents/247904/690755/Sentinel_Data_Legal_Notice,,
EO.EUM.DAT.SENTINEL-3.OL_1_WRR___,EO:EUM:DAT:SENTINEL-3:OL_1_WRR___,eum,Sentinel-3 Level 2 OLCI Ocean Color Reduced Resolution,,,,,,EO:EUM:DAT:SENTINEL-3:OL_1_WRR___,,,,,,,,EO:EUM:DAT:0408,,,,,,,,,34,ESA,ESA,,https://sentinels.copernicus.eu/documents/247904/690755/Sentinel_Data_Legal_Notice,,
EO.ESA.DAT.SENTINEL-5P.TROPOMI.L1,EO:ESA:DAT:SENTINEL-5P:TROPOMI:L1,dataspace,Sentinel-5P Level 1,,,,,,EO:ESA:DAT:SENTINEL-5P:TROPOMI,,,,,,,,,,,,,,,,,35,ESA,ESA,,https://sentinels.copernicus.eu/documents/247904/690755/Sentinel_Data_Legal_Notice,,
EO.ESA.DAT.SENTINEL-5P.TROPOMI.L2,EO:ESA:DAT:SENTINEL-5P:TROPOMI:L2,dataspace,Sentinel-5P Level 2,,,,,,EO:ESA:DAT:SENTINEL-5P:TROPOMI,,,,SENTINEL_5P_L2,,SENTINEL_5P_L2,,,,,,,,,,,36,ESA,ESA,,https://sentinels.copernicus.eu/documents/247904/690755/Sentinel_Data_Legal_Notice,,
EO.ESA.DAT.SENTINEL-3.OL_2_LAN___,EO:ESA:DAT:SENTINEL-3:OL_2_LAN___,dataspace,Sentinel-3 Level 2 Land,,,,,,,,,,,,,,,,,,,,,,,37,ESA,ESA,,https://sentinels.copernicus.eu/documents/247904/690755/Sentinel_Data_Legal_Notice,,
EO.ESA.DAT.SENTINEL-3.OL_2_LFR___,EO:ESA:DAT:SENTINEL-3:OL_2_LFR___,dataspace,Sentinel-3 Level 2 OLCI Land Colour Full Resolution,,,,,,EO:ESA:DAT:SENTINEL-3:OL_2_LFR___,,,,,,,,,,,,,,,,,38,ESA,ESA,,https://sentinels.copernicus.eu/documents/247904/690755/Sentinel_Data_Legal_Notice,,
EO.ESA.DAT.SENTINEL-3.OL_2_LRR___,EO:ESA:DAT:SENTINEL-3:OL_2_LRR___,dataspace,Sentinel-3 Level 2 OLCI Land Colour Reduced Resolution,,,,,,EO:ESA:DAT:SENTINEL-3:OL_2_LRR___,,,,,,,,,,,,,,,,,39,ESA,ESA,,https://sentinels.copernicus.eu/documents/247904/690755/Sentinel_Data_Legal_Notice,,
EO.ESA.DAT.SENTINEL-3.OL_2_LST___,EO:ESA:DAT:SENTINEL-3:OL_2_LST___,dataspace,Sentinel-3 Level 2 Land - Sea and Land Surface Temperature Radiometer (SLSTR),,,,,,,,,,,,,,,,,,,,,,,40,ESA,ESA,,https://sentinels.copernicus.eu/documents/247904/690755/Sentinel_Data_Legal_Notice,,
,EO:ECMWF:DAT:WATER_QUANTITY_INDICATORS_FOR_EUROPEAN_CATCHMENTS,cds,Water quantity indicators for European catchments,,,,,,EO:ECMWF:DAT:WATER_QUANTITY_INDICATORS_FOR_EUROPEAN_CATCHMENTS,,,,,,,,,,,,,,,,,41,ECMWF,ECMWF,ECMWF,https://cds.climate.copernicus.eu/api/v2/terms/static/licence-to-use-copernicus-products.pdf,DECOM,Replaced by EO:ECMWF:DAT:SIS_HYDROLOGY_METEOROLOGY_DERIVED_PROJECTIONS
EO.ECMWF.DAT.SEASONAL-FORECAST-DAILY-DATA-ON-SINGLE-LEVELS-2017-PRESENT,EO:ECMWF:DAT:SEASONAL_FORECAST_DAILY_DATA_ON_SINGLE_LEVELS_2017_PRESENT,cds,Seasonal forecast daily and subdaily data on single levels,,,,,,EO:ECMWF:DAT:SEASONAL_FORECAST_DAILY_DATA_ON_SINGLE_LEVELS_2017_PRESENT,,eu.copernicus.climate.seasonal-original-single-levels,,,,,,,,,,,,,,,42,ECMWF,ECMWF,ECMWF,https://cds.climate.copernicus.eu/api/v2/terms/static/licence-to-use-copernicus-products.pdf,,
STAT.EUSTAT.DAT.GISCO.NUTS,,eustat,Administrative boundaries (NUTS),,,,,,,,,,,,,,,,,,,,,,,43,,,,,NEW,Not initially in the Data Portfolio
EO.ECMWF.DAT.CAMS-EURO-AIR-QUAL-REANALYSIS,EO:ECMWF:DAT:CAMS_EURO_AIR_QUAL_REANALYSIS,ads,CAMS European air quality reanalyses,,,,,,EO:ECMWF:DAT:CAMS_EUROPE_AIR_QUALITY_REANALYSES,,,,,,,,,,,,,,,,,44,ECMWF,ECMWF,ECMWF,https://cds.climate.copernicus.eu/api/v2/terms/static/licence-to-use-copernicus-products.pdf,,
EO.ECMWF.DAT.CAMS-EUROPE-AIR-QUALITY-FORECASTS,EO:ECMWF:DAT:CAMS_EUROPE_AIR_QUALITY_FORECASTS,ads,CAMS European air quality forecasts,,,,,,EO:ECMWF:DAT:CAMS_EUROPE_AIR_QUALITY_FORECASTS,,,,,,,,,,,,,,,,,45,ECMWF,ECMWF,ECMWF,https://cds.climate.copernicus.eu/api/v2/terms/static/licence-to-use-copernicus-products.pdf,,
EO.ECMWF.DAT.CAMS-GLOBAL-ATMOSHERIC-COMPO-FORECAST,EO:ECMWF:DAT:CAMS_GLOBAL_ATMOSHERIC_COMPO_FORECAST,ads,CAMS global atmospheric composition forecasts,,,,,,EO:ECMWF:DAT:CAMS_GLOBAL_ATMOSPHERIC_COMPOSITION_FORECASTS,,,,,,,,,,,,,,,,,46,ECMWF,ECMWF,ECMWF,https://cds.climate.copernicus.eu/api/v2/terms/static/licence-to-use-copernicus-products.pdf,,
EO.ECMWF.DAT.CAMS-GLOBAL-EMISSION-INVENTORIES,EO:ECMWF:DAT:CAMS_GLOBAL_EMISSION_INVENTORIES,ads,CAMS global emission inventories,,,,,,EO:ECMWF:DAT:CAMS_GLOBAL_EMISSION_INVENTORIES,,,,,,,,,,,,,,,,,47,ECMWF,ECMWF,ECMWF,https://cds.climate.copernicus.eu/api/v2/terms/static/licence-to-use-copernicus-products.pdf,,
EO.ECMWF.DAT.CAMS-GLOBAL-GREENHOUSE-GAS-REANALYSIS,EO:ECMWF:DAT:CAMS_GLOBAL_GREENHOUSE_GAS_RANALYSIS,ads,CAMS global greenhouse gas reanalysis (EGG4),,,,,,EO:ECMWF:DAT:CAMS_GLOBAL_GHG_REANALYSIS_EGG4,,,,,,,,,,,,,,,,,48,ECMWF,ECMWF,ECMWF,https://cds.climate.copernicus.eu/api/v2/terms/static/licence-to-use-copernicus-products.pdf,ID_CHANGE,Typo error
EO.ECMWF.DAT.CAMS-GLOBAL-GREENHOUSE-GAS-REANALYSIS-MONTHLY-AV-FIELDS,EO:ECMWF:DAT:CAMS_GLOBAL_GREENHOUSE_GAS_RANALYSIS_MONTHLY_AV_FIELDS,ads,CAMS global greenhouse gas reanalysis (EGG4) monthly averaged fields,,,,,,EO:ECMWF:DAT:CAMS_GLOBAL_GHG_REANALYSIS_EGG4_MONTHLY,,,,,,,,,,,,,,,,,49,ECMWF,ECMWF,ECMWF,https://cds.climate.copernicus.eu/api/v2/terms/static/licence-to-use-copernicus-products.pdf,ID_CHANGE,Typo error
EO.ECMWF.DAT.CAMS-GLOBAL-RADIATIVE-FORCING,EO:ECMWF:DAT:CAMS_GLOBAL_RADIATIVE_FORCING,ads,CAMS global radiative forcing,,,,,,EO:ECMWF:DAT:CAMS_GLOBAL_RADIATIVE_FORCINGS,,,,,,,,,,,,,,,,,50,ECMWF,ECMWF,ECMWF,https://cds.climate.copernicus.eu/api/v2/terms/static/licence-to-use-copernicus-products.pdf,,
EO.ECMWF.DAT.CAMS-GLOBAL-RADIATIVE-FORCING-AUX,EO:ECMWF:DAT:CAMS_GLOBAL_RADIATIVE_FORCING_AUX,ads,CAMS global radiative forcing - auxilliary variables,,,,,,EO:ECMWF:DAT:CAMS_GLOBAL_RADIATIVE_FORCING_AUXILLIARY_VARIABLES,,,,,,,,,,,,,,,,,51,ECMWF,ECMWF,ECMWF,https://cds.climate.copernicus.eu/api/v2/terms/static/licence-to-use-copernicus-products.pdf,,
EO.ECMWF.DAT.CAMS-GLOBAL-REANALYSIS-EAC4,EO:ECMWF:DAT:CAMS_GLOBAL_REANALYSIS_EAC4,ads,CAMS global reanalysis (EAC4),,,,,,EO:ECMWF:DAT:CAMS_GLOBAL_REANALYSIS_EAC4,,,,,,,,,,,,,,,,,52,ECMWF,ECMWF,ECMWF,https://cds.climate.copernicus.eu/api/v2/terms/static/licence-to-use-copernicus-products.pdf,,
EO.ECMWF.DAT.CAMS-GLOBAL-REANALYSIS-EAC4-MONTHLY-AV-FIELDS,EO:ECMWF:DAT:CAMS_GLOBAL_REANALYSIS_EAC4_MONTHLY_AV_FIELDS,ads,CAMS global reanalysis (EAC4) monthly averaged fields,,,,,,EO:ECMWF:DAT:CAMS_GLOBAL_REANALYSIS_EAC4_MONTHLY,,,,,,,,,,,,,,,,,53,ECMWF,ECMWF,ECMWF,https://cds.climate.copernicus.eu/api/v2/terms/static/licence-to-use-copernicus-products.pdf,,
EO.ECMWF.DAT.CAMS-GREENHOUSE-GAS-FLUXES,EO:ECMWF:DAT:CAMS_GREENHOUSE_GAS_FLUXES,ads,CAMS global inversion-optimised greenhouse gas fluxes and concentrations,,,,,,EO:ECMWF:DAT:CAMS_GLOBAL_GREENHOUSE_GAS_INVERSION,,,,,,,,,,,,,,,,,54,ECMWF,ECMWF,ECMWF,https://cds.climate.copernicus.eu/api/v2/terms/static/licence-to-use-copernicus-products.pdf,,
EO.ECMWF.DAT.CAMS-SOLAR-RADIATION-TIMESERIES,EO:ECMWF:DAT:CAMS_SOLAR_RADIATION_TIMESERIES,ads,CAMS solar radiation time-series,,,,,,EO:ECMWF:DAT:CAMS_SOLAR_RADIATION_TIMESERIES,,,,,,,,,,,,,,,,,55,ECMWF,ECMWF,ECMWF,https://cds.climate.copernicus.eu/api/v2/terms/static/licence-to-use-copernicus-products.pdf,,
EO.ECMWF.DAT.EFAS-FORECAST,EO:ECMWF:DAT:EFAS_FORECAST,cds,River discharge and related forecasted data by the European Flood Awareness System,,,,,,EO:ECMWF:DAT:EFAS_FORECAST,,eu.copernicus.climate.efas-forecast,,,,,,,,,,,,,,,56,ECMWF,ECMWF,ECMWF,https://cds.climate.copernicus.eu/api/v2/terms/static/licence-to-use-copernicus-products.pdf,,
EO.ECMWF.DAT.EFAS-HISTORICAL,EO:ECMWF:DAT:EFAS_HISTORICAL,cds,River discharge and related historical data from the European Flood Awareness System,,,,,,EO:ECMWF:DAT:EFAS_HISTORICAL,,eu.copernicus.climate.efas-historical,,,,,,,,,,,,,,,57,ECMWF,ECMWF,ECMWF,https://cds.climate.copernicus.eu/api/v2/terms/static/licence-to-use-copernicus-products.pdf,,
EO.ECMWF.DAT.EFAS-SEASONAL,EO:ECMWF:DAT:EFAS_SEASONAL,cds,Seasonal forecasts of river discharge and related data by the European Flood Awareness System,,,,,,EO:ECMWF:DAT:EFAS_SEASONAL,,eu.copernicus.climate.efas-seasonal,,,,,,,,,,,,,,,58,ECMWF,ECMWF,ECMWF,https://cds.climate.copernicus.eu/api/v2/terms/static/licence-to-use-copernicus-products.pdf,,
EO.ESA.DAT.LANDSAT8.COL-2,EO:ESA:DAT:LANDSAT8:COL-2,esa,Landsat 8 Collection 2 European Coverage,,,,,,,,,,,,,,,,,,,,,,,59,,,,,,
EO.ESA.DAT.LANDSAT8.OLI-TIRS,EO:ESA:DAT:LANDSAT8:OLI-TIRS,esa,Landsat 8 OLI-TIRS European Coverage,,,,,,,,,,,,,,,,,,,,,,,60,,,,,,
EO.ECMWF.DAT.CO2-DATA-FROM-SATELLITE-SENSORS-2002-PRESENT,EO:ECMWF:DAT:CO2_DATA_FROM_SATELLITE_SENSORS_2002_PRESENT,cds,Carbon dioxide data from 2002 to present derived from satellite observations,,,,,,EO:ECMWF:DAT:CO2_DATA_FROM_SATELLITE_SENSORS_2002_PRESENT,,eu.copernicus.climate.satellite-carbon-dioxide,,,,,,,,,,,,,,,61,ECMWF,ECMWF,ECMWF,https://cds.climate.copernicus.eu/api/v2/terms/static/licence-to-use-copernicus-products.pdf,,
EO.ECMWF.DAT.METHANE-DATA-SATELLITE-SENSORS-2002-PRESENT,EO:ECMWF:DAT:METHANE_DATA_SATELLITE_SENSORS_2002_PRESENT,cds,Methane data from 2002 to present derived from satellite observations,,,,,,EO:ECMWF:DAT:METHANE_DATA_SATELLITE_SENSORS_2002_PRESENT,,eu.copernicus.climate.satellite-methane,,,,,,,,,,,,,,,62,ECMWF,ECMWF,ECMWF,https://cds.climate.copernicus.eu/api/v2/terms/static/licence-to-use-copernicus-products.pdf,,
EO.ECMWF.DAT.ERA5-LAND-MONTHLY,EO:ECMWF:DAT:ERA5_LAND_MONTHLY,cds,ERA5-Land monthly data from 1950 to present Full archive,,,,,,EO:ECMWF:DAT:REANALYSIS_ERA5_LAND_MONTHLY_MEANS,,eu.copernicus.climate.reanalysis-era5-land-monthly-means,,,,,,,,,,,,,,,63,ECMWF,ECMWF,ECMWF,https://cds.climate.copernicus.eu/api/v2/terms/static/licence-to-use-copernicus-products.pdf,,
EO.ECMWF.DAT.ERA5-MONTHLY-MEANS-VARIABLES-ON-PRESSURE-LEVELS,EO:ECMWF:DAT:ERA5_MONTHLY_MEANS_VARIABLES_ON_PRESSURE_LEVELS,cds,ERA5 monthly averaged data on pressure levels from 1979 to present,,,,,,EO:ECMWF:DAT:REANALYSIS_ERA5_PRESSURE_LEVELS_MONTHLY_MEANS,,eu.copernicus.climate.reanalysis-era5-pressure-levels-monthly-means,,,,,,,,,,,,,,,64,ECMWF,ECMWF,ECMWF,https://cds.climate.copernicus.eu/api/v2/terms/static/licence-to-use-copernicus-products.pdf,,
EO.ECMWF.DAT.REANALYSIS-ERA5-SINGLE-LEVELS-MONTHLY-MEANS,EO:ECMWF:DAT:REANALYSIS_ERA5_SINGLE_LEVELS_MONTHLY_MEANS,cds,ERA5 monthly averaged data on single levels from 1979 to present,,,,,,EO:ECMWF:DAT:REANALYSIS_ERA5_SINGLE_LEVELS_MONTHLY_MEANS,,eu.copernicus.climate.reanalysis-era5-single-levels-monthly-means,,,,,,,,,,,,,,,65,ECMWF,ECMWF,ECMWF,https://cds.climate.copernicus.eu/api/v2/terms/static/licence-to-use-copernicus-products.pdf,,
EO.ECMWF.DAT.SEASONAL-FORECAST-ANOMALIES-ON-PRESSURE-LEVELS-2017-PRESENT,EO:ECMWF:DAT:SEASONAL_FORECAST_ANOMALIES_ON_PRESSURE_LEVELS_2017_PRESENT,cds,Seasonal forecast anomalies on pressure levels,,,,,,EO:ECMWF:DAT:SEASONAL_FORECAST_ANOMALIES_ON_PRESSURE_LEVELS_2017_PRESENT,,eu.copernicus.climate.seasonal-postprocessed-pressure-levels,,,,,,,,,,,,,,,66,ECMWF,ECMWF,ECMWF,https://cds.climate.copernicus.eu/api/v2/terms/static/licence-to-use-copernicus-products.pdf,,
EO.ECMWF.DAT.SEASONAL-FORECAST-ANOMALIES-ON-SINGLE-LEVELS-2017-PRESENT,EO:ECMWF:DAT:SEASONAL_FORECAST_ANOMALIES_ON_SINGLE_LEVELS_2017_PRESENT,cds,Seasonal forecast anomalies on single levels,,,,,,EO:ECMWF:DAT:SEASONAL_FORECAST_ANOMALIES_ON_SINGLE_LEVELS_2017_PRESENT,,eu.copernicus.climate.seasonal-postprocessed-single-levels,,,,,,,,,,,,,,,67,ECMWF,ECMWF,ECMWF,https://cds.climate.copernicus.eu/api/v2/terms/static/licence-to-use-copernicus-products.pdf,,
EO.ECMWF.DAT.SEASONAL-FORECAST-DAILY-DATA-ON-PRESSURE-LEVELS-2017-PRESENT,EO:ECMWF:DAT:SEASONAL_FORECAST_DAILY_DATA_ON_PRESSURE_LEVELS_2017_PRESENT,cds,Seasonal forecast subdaily data on pressure levels,,,,,,EO:ECMWF:DAT:SEASONAL_FORECAST_DAILY_DATA_ON_PRESSURE_LEVELS_2017_PRESENT,,eu.copernicus.climate.seasonal-original-pressure-levels,,,,,,,,,,,,,,,68,ECMWF,ECMWF,ECMWF,https://cds.climate.copernicus.eu/api/v2/terms/static/licence-to-use-copernicus-products.pdf,,
EO.ECMWF.DAT.SEASONAL-FORECAST-MONTHLY-STATISTICS-ON-PRESSURE-LEVELS-2017-PRESENT,EO:ECMWF:DAT:SEASONAL_FORECAST_MONTHLY_STATISTICS_ON_PRESSURE_LEVELS_2017_PRESENT,cds,Seasonal forecast monthly statistics on pressure levels,,,,,,EO:ECMWF:DAT:SEASONAL_FORECAST_MONTHLY_STATISTICS_ON_PRESSURE_LEVELS_2017_PRESENT,,eu.copernicus.climate.seasonal-monthly-pressure-levels,,,,,,,,,,,,,,,69,ECMWF,ECMWF,ECMWF,https://cds.climate.copernicus.eu/api/v2/terms/static/licence-to-use-copernicus-products.pdf,,
EO.ECMWF.DAT.SEASONAL-FORECAST-MONTHLY-STATISTICS-ON-SINGLE-LEVELS-2017-PRESENT,EO:ECMWF:DAT:SEASONAL_FORECAST_MONTHLY_STATISTICS_ON_SINGLE_LEVELS_2017_PRESENT,cds,Seasonal forecast monthly statistics on single levels,,,,,,EO:ECMWF:DAT:SEASONAL_FORECAST_MONTHLY_STATISTICS_ON_SINGLE_LEVELS_2017_PRESENT,,eu.copernicus.climate.seasonal-monthly-single-levels,,,,,,,,,,,,,,,70,ECMWF,ECMWF,ECMWF,https://cds.climate.copernicus.eu/api/v2/terms/static/licence-to-use-copernicus-products.pdf,,
EO.MO.DAT.GLOBAL-ANALYSIS-FORECAST-BIO-001-028,EO:MO:DAT:GLOBAL_ANALYSIS_FORECAST_BIO_001_028,cmems,Global Ocean Biogeochemistry Analysis and Forecast,,,,,,EO:MO:DAT:GLOBAL_ANALYSIS_FORECAST_BIO_001_028,,,,,,,,,GLOBAL_ANALYSIS_FORECAST_BIO_001_028,,,,,,,,71,"European Union, Copernicus Marine Service",Mercator Ocean International - Copernicus Marine Service,Mercator Ocean International - Copernicus Marine Service,https://marine.copernicus.eu/user-corner/service-commitments-and-licence,,
EO.MO.DAT.GLOBAL-ANALYSIS-FORECAST-PHY-001-024,EO:MO:DAT:GLOBAL_ANALYSIS_FORECAST_PHY_001_024,cmems,Global Ocean 1/12Â° Physics Analysis and Forecast updated Daily,,,,,,EO:MO:DAT:GLOBAL_ANALYSISFORECAST_PHY_001_024,,,,,,,,,GLOBAL_ANALYSISFORECAST_PHY_001_024,,,,,,,,72,"European Union, Copernicus Marine Service",Mercator Ocean International - Copernicus Marine Service,Mercator Ocean International - Copernicus Marine Service,https://marine.copernicus.eu/user-corner/service-commitments-and-licence,,
EO.MO.DAT.GLOBAL-ANALYSIS-FORECAST-WAV-001-027,EO:MO:DAT:GLOBAL_ANALYSIS_FORECAST_WAV_001_027,cmems,Global Ocean Waves Analysis and Forecast,,,,,,EO:MO:DAT:GLOBAL_ANALYSISFORECAST_WAV_001_027,,,,,,,,,GLOBAL_ANALYSISFORECAST_WAV_001_027,,,,,,,,73,"European Union, Copernicus Marine Service",Mercator Ocean International - Copernicus Marine Service,Mercator Ocean International - Copernicus Marine Service,https://marine.copernicus.eu/user-corner/service-commitments-and-licence,,
EO.MO.DAT.GLOBAL-MULTIYEAR-BGC-001-033,EO:MO:DAT:GLOBAL_MULTIYEAR_BGC_001_033,cmems,Global ocean low and mid trophic levels biomass content hindcast,,,,,,EO:MO:DAT:GLOBAL_MULTIYEAR_BGC_001_033,,,,,,,,,GLOBAL_MULTIYEAR_BGC_001_033,,,,,,,,74,"European Union, Copernicus Marine Service",Mercator Ocean International - Copernicus Marine Service,Mercator Ocean International - Copernicus Marine Service,https://marine.copernicus.eu/user-corner/service-commitments-and-licence,,
EO.MO.DAT.GLOBAL-MULTIYEAR-WAV-001-032,EO:MO:DAT:GLOBAL_MULTIYEAR_WAV_001_032,cmems,Global Ocean Waves Reanalysis WAVERYS,,,,,,EO:MO:DAT:GLOBAL_MULTIYEAR_WAV_001_032,,,,,,,,,GLOBAL_MULTIYEAR_WAV_001_032,,,,,,,,75,"European Union, Copernicus Marine Service",Mercator Ocean International - Copernicus Marine Service,Mercator Ocean International - Copernicus Marine Service,https://marine.copernicus.eu/user-corner/service-commitments-and-licence,,
EO.MO.DAT.GLOBAL-REANALYSIS-PHY-001-026,EO:MO:DAT:GLOBAL_REANALYSIS_PHY_001_026,cmems,Global Ocean Ensemble Physics Reanalysis - Low resolution,,,,,,EO:MO:DAT:GLOBAL_REANALYSIS_PHY_001_026,,,,,,,,,GLOBAL_REANALYSIS_PHY_001_026,,,,,,,,76,"European Union, Copernicus Marine Service",Mercator Ocean International - Copernicus Marine Service,Mercator Ocean International - Copernicus Marine Service,https://marine.copernicus.eu/user-corner/service-commitments-and-licence,,
EO.MO.DAT.GLOBAL-REANALYSIS-PHY-001-031,EO:MO:DAT:GLOBAL_REANALYSIS_PHY_001_031,cmems,Global Ocean Ensemble Physics Reanalysis,,,,,,EO:MO:DAT:GLOBAL_REANALYSIS_PHY_001_031,,,,,,,,,GLOBAL_REANALYSIS_PHY_001_031,,,,,,,,77,"European Union, Copernicus Marine Service",Mercator Ocean International - Copernicus Marine Service,Mercator Ocean International - Copernicus Marine Service,https://marine.copernicus.eu/user-corner/service-commitments-and-licence,,
EO.MO.DAT.INSITU-GLO-TS-OA-NRT-OBSERVATIONS-013-002-a,EO:MO:DAT:INSITU_GLO_TS_OA_NRT_OBSERVATIONS_013_002_a,cmems,Global Ocean- Real time in-situ observations objective analysis,,,,,,,,,,,,,,,,,,,,,,,,"European Union, Copernicus Marine Service",Mercator Ocean International - Copernicus Marine Service,Mercator Ocean International - Copernicus Marine Service,https://marine.copernicus.eu/user-corner/service-commitments-and-licence,DECOM,"Replaced by EO:MO:DAT:INSITU_GLO_PHY_TS_OA_NRT_013_002, avoid confusion with the suffix _a which can be interpreted as a different version"
EO.MO.DAT.INSITU-GLO-PHY-TS-OA-NRT-013-002,,cmems,,,,,,,EO:MO:DAT:INSITU_GLO_PHY_TS_OA_NRT_013_002,,,,,,,,,INSITU_GLO_PHY_TS_OA_NRT_013_002,,,,,,,,78,,,,,NEW,Replacing INSITU_GLO_TS_OA_NRT_OBSERVATIONS_013_002_a
EO.MO.DAT.INSITU-GLO-TS-OA-REP-OBSERVATIONS-013-002-b,EO:MO:DAT:INSITU_GLO_TS_OA_REP_OBSERVATIONS_013_002_b,cmems,Global Ocean- Delayed Mode gridded CORA- In-situ Observations objective analysis in Delayed Mode,,,,,,,,,,,,,,,,,,,,,,,,"European Union, Copernicus Marine Service",Mercator Ocean International - Copernicus Marine Service,Mercator Ocean International - Copernicus Marine Service,https://marine.copernicus.eu/user-corner/service-commitments-and-licence,DECOM,Replaced by EO:MO:DAT:INSITU_GLO_PHY_TS_OA_MY_013_052
EO.MO.DAT.INSITU-GLO-PHY-TS-OA-MY-013-052,,cmems,,,,,,,EO:MO:DAT:INSITU_GLO_PHY_TS_OA_MY_013_052,,,,,,,,,INSITU_GLO_PHY_TS_OA_MY_013_052,,,,,,,,79,,,,,NEW,Replacing EO:MO:DAT:INSITU_GLO_TS_OA_REP_OBSERVATIONS_013_002_b
EO.MO.DAT.INSITU-GLO-UV-NRT-OBSERVATIONS-013-048,EO:MO:DAT:INSITU_GLO_UV_NRT_OBSERVATIONS_013_048,cmems,Global Ocean- in-situ Near real time observations of ocean currents,,,,,,EO:MO:DAT:INSITU_GLO_PHY_UV_DISCRETE_NRT_013_048,,,,,,,,,INSITU_GLO_PHY_UV_DISCRETE_NRT_013_048,,,,,,,,80,"European Union, Copernicus Marine Service",Mercator Ocean International - Copernicus Marine Service,Mercator Ocean International - Copernicus Marine Service,https://marine.copernicus.eu/user-corner/service-commitments-and-licence,,
EO.MO.DAT.MULTIOBS-GLO-BIO-BGC-3D-REP-015-010,EO:MO:DAT:MULTIOBS_GLO_BIO_BGC_3D_REP_015_010,cmems,Global Ocean 3D Chlorophyll-a concentration/Particulate Backscattering coefficient and Particulate Organic Carbon,,,,,,EO:MO:DAT:MULTIOBS_GLO_BIO_BGC_3D_REP_015_010,,,,,,,,,MULTIOBS_GLO_BIO_BGC_3D_REP_015_010,,,,,,,,81,"European Union, Copernicus Marine Service",Mercator Ocean International - Copernicus Marine Service,Mercator Ocean International - Copernicus Marine Service,https://marine.copernicus.eu/user-corner/service-commitments-and-licence,,
EO.MO.DAT.MULTIOBS-GLO-BIO-CARBON-SURFACE-REP-015-008,EO:MO:DAT:MULTIOBS_GLO_BIO_CARBON_SURFACE_REP_015_008,cmems,Global Ocean Surface Carbon,,,,,,EO:MO:DAT:MULTIOBS_GLO_BIO_CARBON_SURFACE_REP_015_008,,,,,,,,,MULTIOBS_GLO_BIO_CARBON_SURFACE_REP_015_008,,,,,,,,82,"European Union, Copernicus Marine Service",Mercator Ocean International - Copernicus Marine Service,Mercator Ocean International - Copernicus Marine Service,https://marine.copernicus.eu/user-corner/service-commitments-and-licence,,
EO.MO.DAT.MULTIOBS-GLO-BIO-NUTRIENTS-PROFILES-REP-015-009,EO:MO:DAT:MULTIOBS_GLO_BIO_NUTRIENTS_PROFILES_REP_015_009,cmems,Nutrient profiles vertical distribution,,,,,,,,,,,,,,,,,,,,,,,,"European Union, Copernicus Marine Service",Mercator Ocean International - Copernicus Marine Service,Mercator Ocean International - Copernicus Marine Service,https://marine.copernicus.eu/user-corner/service-commitments-and-licence,DECOM,Change in the version and now aggregated with carbon profiles (MULTIOBS_GLO_BGC_NUTRIENTS_CARBON_PROFILES_MYNRT_015_009)
EO.MO.DAT.MULTIOBS-GLO-BGC-NUTRIENTS-CARBON-PROFILES-MYNRT-015-009,,cmems,,,,,,,,,,,,,,,,MULTIOBS_GLO_BGC_NUTRIENTS_CARBON_PROFILES_MYNRT_015_009,,,,,,,,83,"European Union, Copernicus Marine Service",Mercator Ocean International - Copernicus Marine Service,Mercator Ocean International - Copernicus Marine Service,https://marine.copernicus.eu/user-corner/service-commitments-and-licence,NEW,Replacing NUTRIENTS_PROFILES_REP product
EO.MO.DAT.MULTIOBS-GLO-PHY-NRT-015-003,EO:MO:DAT:MULTIOBS_GLO_PHY_NRT_015_003,cmems,Global Total Surface and 15m Current (COPERNICUS-GLOBCURRENT) from Altimetric Geostrophic Current and Modeled Ekman Current Processing,,,,,,EO:MO:DAT:MULTIOBS_GLO_PHY_NRT_015_003,,,,,,,,,MULTIOBS_GLO_PHY_NRT_015_003,,,,,,,,84,"European Union, Copernicus Marine Service",Mercator Ocean International - Copernicus Marine Service,Mercator Ocean International - Copernicus Marine Service,https://marine.copernicus.eu/user-corner/service-commitments-and-licence,,
EO.MO.DAT.MULTIOBS-GLO-PHY-REP-015-004,EO:MO:DAT:MULTIOBS_GLO_PHY_REP_015_004,cmems,Global Total Surface and 15m Current (COPERNICUS-GLOBCURRENT) from Altimetric Geostrophic Current and Modeled Ekman Current Reprocessing,,,,,,EO:MO:DAT:MULTIOBS_GLO_PHY_REP_015_004,,,,,,,,,MULTIOBS_GLO_PHY_REP_015_004,,,,,,,,85,"European Union, Copernicus Marine Service",Mercator Ocean International - Copernicus Marine Service,Mercator Ocean International - Copernicus Marine Service,https://marine.copernicus.eu/user-corner/service-commitments-and-licence,,
EO.MO.DAT.MULTIOBS-GLO-PHY-S-SURFACE-MYNRT-015-013,EO:MO:DAT:MULTIOBS_GLO_PHY_S_SURFACE_MYNRT_015_013,cmems,Multi Observation Global Ocean Sea Surface Salinity and Sea Surface Density,,,,,,EO:MO:DAT:MULTIOBS_GLO_PHY_S_SURFACE_MYNRT_015_013,,,,,,,,,MULTIOBS_GLO_PHY_S_SURFACE_MYNRT_015_013,,,,,,,,86,"European Union, Copernicus Marine Service",Mercator Ocean International - Copernicus Marine Service,Mercator Ocean International - Copernicus Marine Service,https://marine.copernicus.eu/user-corner/service-commitments-and-licence,,
EO.MO.DAT.MULTIOBS-GLO-PHY-TSUV-3D-MYNRT-015-012,EO:MO:DAT:MULTIOBS_GLO_PHY_TSUV_3D_MYNRT_015_012,cmems,Multi Observation Global Ocean 3D Temperature Salinity Height Geostrophic Current and MLD,,,,,,EO:MO:DAT:MULTIOBS_GLO_PHY_TSUV_3D_MYNRT_015_012,,,,,,,,,MULTIOBS_GLO_PHY_TSUV_3D_MYNRT_015_012,,,,,,,,87,"European Union, Copernicus Marine Service",Mercator Ocean International - Copernicus Marine Service,Mercator Ocean International - Copernicus Marine Service,https://marine.copernicus.eu/user-corner/service-commitments-and-licence,,
EO.MO.DAT.MULTIOBS-GLO-PHY-W-3D-REP-015-007,EO:MO:DAT:MULTIOBS_GLO_PHY_W_3D_REP_015_007,cmems,Global Observed Ocean Physics 3D Quasi-Geostrophic Currents (OMEGA3D),,,,,,EO:MO:DAT:MULTIOBS_GLO_PHY_W_3D_REP_015_007,,,,,,,,,MULTIOBS_GLO_PHY_W_3D_REP_015_007,,,,,,,,88,"European Union, Copernicus Marine Service",Mercator Ocean International - Copernicus Marine Service,Mercator Ocean International - Copernicus Marine Service,https://marine.copernicus.eu/user-corner/service-commitments-and-licence,,
EO.MO.DAT.OCEANCOLOUR-GLO-CHL-L3-NRT-OBSERVATIONS-009-032,EO:MO:DAT:OCEANCOLOUR_GLO_CHL_L3_NRT_OBSERVATIONS_009_032,cmems,Global Ocean Chlorophyll PP and PFT (Copernicus-GlobColour) from Satellite Observations: Daily (Near Real Time),,,,,,,,,,,,,,,,,,,,,,,,"European Union, Copernicus Marine Service",Mercator Ocean International - Copernicus Marine Service,Mercator Ocean International - Copernicus Marine Service,https://marine.copernicus.eu/user-corner/service-commitments-and-licence,DECOM,"CHL products now included to BGC (Bio-Geo-Chemical) products, REP replaced by MY, merged with OCEANCOLOUR_GLO_OPTICS. "
EO.MO.DAT.OCEANCOLOUR-GLO-CHL-L3-REP-OBSERVATIONS-009-065,EO:MO:DAT:OCEANCOLOUR_GLO_CHL_L3_REP_OBSERVATIONS_009_065,cmems,Global Surface Chlorophyll Concentration from Satellite observations (daily average) Reprocessed L3 (ESA-CCI)10,,,,,,,,,,,,,,,,,,,,,,,,"European Union, Copernicus Marine Service",Mercator Ocean International - Copernicus Marine Service,Mercator Ocean International - Copernicus Marine Service,https://marine.copernicus.eu/user-corner/service-commitments-and-licence,DECOM,"CHL products now included to BGC (Bio-Geo-Chemical) products, REP replaced by MY, merged with OCEANCOLOUR_GLO_OPTICS. "
EO.MO.DAT.OCEANCOLOUR-GLO-CHL-L3-REP-OBSERVATIONS-009-085,EO:MO:DAT:OCEANCOLOUR_GLO_CHL_L3_REP_OBSERVATIONS_009_085,cmems,Global Ocean Chlorophyll PP and PFT (Copernicus-GlobColour) from Satellite Observations: Daily (Reprocessed from 1997),,,,,,,,,,,,,,,,,,,,,,,,"European Union, Copernicus Marine Service",Mercator Ocean International - Copernicus Marine Service,Mercator Ocean International - Copernicus Marine Service,https://marine.copernicus.eu/user-corner/service-commitments-and-licence,DECOM,"CHL products now included to BGC (Bio-Geo-Chemical) products, REP replaced by MY, merged with OCEANCOLOUR_GLO_OPTICS. "
EO.MO.DAT.OCEANCOLOUR-GLO-CHL-L4-NRT-OBSERVATIONS-009-033,EO:MO:DAT:OCEANCOLOUR_GLO_CHL_L4_NRT_OBSERVATIONS_009_033,cmems,Global Ocean Chlorophyll PP and PFT (Copernicus-GlobColour) from Satellite Observations: Monthly abd Daily Interpolated (Near Real Time),,,,,,,,,,,,,,,,,,,,,,,,"European Union, Copernicus Marine Service",Mercator Ocean International - Copernicus Marine Service,Mercator Ocean International - Copernicus Marine Service,https://marine.copernicus.eu/user-corner/service-commitments-and-licence,DECOM,"CHL products now included to BGC (Bio-Geo-Chemical) products, REP replaced by MY, merged with OCEANCOLOUR_GLO_OPTICS. "
EO.MO.DAT.OCEANCOLOUR-GLO-CHL-L4-REP-OBSERVATIONS-009-082,EO:MO:DAT:OCEANCOLOUR_GLO_CHL_L4_REP_OBSERVATIONS_009_082,cmems,Global Ocean Chlorophyll PP and PFT (Copernicus-GlobColour) from Satellite Observations: Monthly and Daily Interpolated (Reprocessed from 1997),,,,,,,,,,,,,,,,,,,,,,,,"European Union, Copernicus Marine Service",Mercator Ocean International - Copernicus Marine Service,Mercator Ocean International - Copernicus Marine Service,https://marine.copernicus.eu/user-corner/service-commitments-and-licence,DECOM,"CHL products now included to BGC (Bio-Geo-Chemical) products, REP replaced by MY, merged with OCEANCOLOUR_GLO_OPTICS. "
EO.MO.DAT.OCEANCOLOUR-GLO-CHL-L4-REP-OBSERVATIONS-009-093,EO:MO:DAT:OCEANCOLOUR_GLO_CHL_L4_REP_OBSERVATIONS_009_093,cmems,Global Surface Chlorophyll Concentration from Satellite observations (daily average) Reprocessed L4 (ESA-CCI): monthly,,,,,,,,,,,,,,,,,,,,,,,,"European Union, Copernicus Marine Service",Mercator Ocean International - Copernicus Marine Service,Mercator Ocean International - Copernicus Marine Service,https://marine.copernicus.eu/user-corner/service-commitments-and-licence,DECOM,"CHL products now included to BGC (Bio-Geo-Chemical) products, REP replaced by MY, merged with OCEANCOLOUR_GLO_OPTICS. "
EO.MO.DAT.OCEANCOLOUR-GLO-BGC-L3-NRT-009-101,,cmems,,,,,,,EO:MO:DAT:OCEANCOLOUR_GLO_BGC_L3_NRT_009_101,,,,,,,,,OCEANCOLOUR_GLO_BGC_L3_NRT_009_101,,,,,,,,89,,,,,NEW,Replacing OCEANCOLOUR_GLO_CHL and OCEANCOLOUR_GLO_OPTICS
EO.MO.DAT.OCEANCOLOUR-GLO-BGC-L4-NRT-009-102,,cmems,,,,,,,EO:MO:DAT:OCEANCOLOUR_GLO_BGC_L4_NRT_009_102,,,,,,,,,OCEANCOLOUR_GLO_BGC_L4_NRT_009_102,,,,,,,,90,,,,,NEW,Replacing OCEANCOLOUR_GLO_CHL and OCEANCOLOUR_GLO_OPTICS
EO.MO.DAT.OCEANCOLOUR-GLO-BGC-L3-MY-009-103,,cmems,,,,,,,EO:MO:DAT:OCEANCOLOUR_GLO_BGC_L3_MY_009_103,,,,,,,,,OCEANCOLOUR_GLO_BGC_L3_MY_009_103,,,,,,,,91,,,,,NEW,Replacing OCEANCOLOUR_GLO_CHL and OCEANCOLOUR_GLO_OPTICS
EO.MO.DAT.OCEANCOLOUR-GLO-BGC-L4-MY-009-104,,cmems,,,,,,,EO:MO:DAT:OCEANCOLOUR_GLO_BGC_L4_MY_009_104,,,,,,,,,OCEANCOLOUR_GLO_BGC_L4_MY_009_104,,,,,,,,92,,,,,NEW,Replacing OCEANCOLOUR_GLO_CHL and OCEANCOLOUR_GLO_OPTICS
EO.MO.DAT.OCEANCOLOUR-GLO-BGC-L3-MY-009-107,,cmems,,,,,,,EO:MO:DAT:OCEANCOLOUR_GLO_BGC_L3_MY_009_107,,,,,,,,,OCEANCOLOUR_GLO_BGC_L3_MY_009_107,,,,,,,,93,,,,,NEW,Replacing OCEANCOLOUR_GLO_CHL and OCEANCOLOUR_GLO_OPTICS
EO.MO.DAT.OCEANCOLOUR-GLO-BGC-L4-MY-009-108,,cmems,,,,,,,EO:MO:DAT:OCEANCOLOUR_GLO_BGC_L4_MY_009_108,,,,,,,,,OCEANCOLOUR_GLO_BGC_L4_MY_009_108,,,,,,,,94,,,,,NEW,Replacing OCEANCOLOUR_GLO_CHL and OCEANCOLOUR_GLO_OPTICS
EO.MO.DAT.OCEANCOLOUR-GLO-OPTICS-L3-NRT-OBSERVATIONS-009-030,EO:MO:DAT:OCEANCOLOUR_GLO_OPTICS_L3_NRT_OBSERVATIONS_009_030,cmems,Global Ocean NRRS BBP CDM KD ZSD SPM (Copernicus-GlobColour) from Satellite Observations: Daily (Near Real Time),,,,,,,,,,,,,,,,,,,,,,,,"European Union, Copernicus Marine Service",Mercator Ocean International - Copernicus Marine Service,Mercator Ocean International - Copernicus Marine Service,https://marine.copernicus.eu/user-corner/service-commitments-and-licence,DECOM,"OPTICS  products now included to BGC (Bio-Geo-Chemical) products, REP replaced by MY, merged with OCEANCOLOUR_GLO_CHL "
EO.MO.DAT.OCEANCOLOUR-GLO-OPTICS-L3-REP-OBSERVATIONS-009-064,EO:MO:DAT:OCEANCOLOUR_GLO_OPTICS_L3_REP_OBSERVATIONS_009_064,cmems,Global Ocean Optics Products (daily average) Reprocessed L3 (ESA-CCI),,,,,,,,,,,,,,,,,,,,,,,,"European Union, Copernicus Marine Service",Mercator Ocean International - Copernicus Marine Service,Mercator Ocean International - Copernicus Marine Service,https://marine.copernicus.eu/user-corner/service-commitments-and-licence,DECOM,"OPTICS  products now included to BGC (Bio-Geo-Chemical) products, REP replaced by MY, merged with OCEANCOLOUR_GLO_CHL "
EO.MO.DAT.OCEANCOLOUR-GLO-OPTICS-L3-REP-OBSERVATIONS-009-086,EO:MO:DAT:OCEANCOLOUR_GLO_OPTICS_L3_REP_OBSERVATIONS_009_086,cmems,Global Ocean NRRS BBP CDM KD ZSD SPM (Copernicus-GlobColour) from Satellite Observations: Daily (Reprocessed from 1997),,,,,,,,,,,,,,,,,,,,,,,,"European Union, Copernicus Marine Service",Mercator Ocean International - Copernicus Marine Service,Mercator Ocean International - Copernicus Marine Service,https://marine.copernicus.eu/user-corner/service-commitments-and-licence,DECOM,"OPTICS  products now included to BGC (Bio-Geo-Chemical) products, REP replaced by MY, merged with OCEANCOLOUR_GLO_CHL "
EO.MO.DAT.OCEANCOLOUR-GLO-OPTICS-L4-NRT-OBSERVATIONS-009-083,EO:MO:DAT:OCEANCOLOUR_GLO_OPTICS_L4_NRT_OBSERVATIONS_009_083,cmems,Global Ocean NRRS BBP CDM KD ZSD SPM (Copernicus-GlobColour) from Satellite Observations: Monthly and Daily Interpolated (Reprocessed from 1997),,,,,,,,,,,,,,,,,,,,,,,,"European Union, Copernicus Marine Service",Mercator Ocean International - Copernicus Marine Service,Mercator Ocean International - Copernicus Marine Service,https://marine.copernicus.eu/user-corner/service-commitments-and-licence,DECOM,"OPTICS  products now included to BGC (Bio-Geo-Chemical) products, REP replaced by MY, merged with OCEANCOLOUR_GLO_CHL "
EO.MO.DAT.OCEANCOLOUR-GLO-OPTICS-L4-REP-OBSERVATIONS-009-081,EO:MO:DAT:OCEANCOLOUR_GLO_OPTICS_L4_REP_OBSERVATIONS_009_081,cmems,Global Ocean NRRS BBP CDM KD ZSD SPM (Copernicus-GlobColour) from Satellite Observations: Monthly and Daily Interpolated (Reprocessed from 1997),,,,,,,,,,,,,,,,,,,,,,,,"European Union, Copernicus Marine Service",Mercator Ocean International - Copernicus Marine Service,Mercator Ocean International - Copernicus Marine Service,https://marine.copernicus.eu/user-corner/service-commitments-and-licence,DECOM,"OPTICS  products now included to BGC (Bio-Geo-Chemical) products, REP replaced by MY, merged with OCEANCOLOUR_GLO_CHL "
EO.MO.DAT.SEAICE-GLO-SEAICE-L4-NRT-OBSERVATIONS-011-001,EO:MO:DAT:SEAICE_GLO_SEAICE_L4_NRT_OBSERVATIONS_011_001,cmems,Global Ocean - Arctic and Antarctic - Sea Ice Concentration Edge Type and Drift (OSI-SAF),,,,,,EO:MO:DAT:SEAICE_GLO_SEAICE_L4_NRT_OBSERVATIONS_011_001,,,,,,,,,SEAICE_GLO_SEAICE_L4_NRT_OBSERVATIONS_011_001,,,,,,,,100,"European Union, Copernicus Marine Service",Mercator Ocean International - Copernicus Marine Service,Mercator Ocean International - Copernicus Marine Service,https://marine.copernicus.eu/user-corner/service-commitments-and-licence,,
EO.MO.DAT.SEAICE-GLO-SEAICE-L4-NRT-OBSERVATIONS-011-006,EO:MO:DAT:SEAICE_GLO_SEAICE_L4_NRT_OBSERVATIONS_011_006,cmems,Global Ocean - High Resolution SAR Sea Ice Drift,,,,,,EO:MO:DAT:SEAICE_GLO_SEAICE_L4_NRT_OBSERVATIONS_011_006,,,,,,,,,SEAICE_GLO_SEAICE_L4_NRT_OBSERVATIONS_011_006,,,,,,,,101,"European Union, Copernicus Marine Service",Mercator Ocean International - Copernicus Marine Service,Mercator Ocean International - Copernicus Marine Service,https://marine.copernicus.eu/user-corner/service-commitments-and-licence,,
EO.MO.DAT.SEAICE-GLO-SEAICE-L4-REP-OBSERVATIONS-011-009,EO:MO:DAT:SEAICE_GLO_SEAICE_L4_REP_OBSERVATIONS_011_009,cmems,Global Ocean Sea Ice Concentration Time Series REPROCESSED (OSI-SAF),,,,,,EO:MO:DAT:SEAICE_GLO_SEAICE_L4_REP_OBSERVATIONS_011_009,,,,,,,,,SEAICE_GLO_SEAICE_L4_REP_OBSERVATIONS_011_009,,,,,,,,102,"European Union, Copernicus Marine Service",Mercator Ocean International - Copernicus Marine Service,Mercator Ocean International - Copernicus Marine Service,https://marine.copernicus.eu/user-corner/service-commitments-and-licence,,
EO.MO.DAT.SEALEVEL-GLO-PHY-L4-NRT-OBSERVATIONS-008-046,EO:MO:DAT:SEALEVEL_GLO_PHY_L4_NRT_OBSERVATIONS_008_046,cmems,GLOBAL OCEAN GRIDDED L4 SEA SURFACE HEIGHTS AND DERIVED VARIABLES NRT,,,,,,EO:MO:DAT:SEALEVEL_GLO_PHY_L4_NRT_OBSERVATIONS_008_046,,,,,,,,,SEALEVEL_GLO_PHY_L4_NRT_OBSERVATIONS_008_046,,,,,,,,103,"European Union, Copernicus Marine Service",Mercator Ocean International - Copernicus Marine Service,Mercator Ocean International - Copernicus Marine Service,https://marine.copernicus.eu/user-corner/service-commitments-and-licence,,
EO.MO.DAT.SEALEVEL-GLO-PHY-MDT-008-063,EO:MO:DAT:SEALEVEL_GLO_PHY_MDT_008_063,cmems,GLOBAL OCEAN MEAN DYNAMIC TOPOGRAPHY8,,,,,,EO:MO:DAT:SEALEVEL_GLO_PHY_MDT_008_063,,,,,,,,,SEALEVEL_GLO_PHY_MDT_008_063,,,,,,,,104,"European Union, Copernicus Marine Service",Mercator Ocean International - Copernicus Marine Service,Mercator Ocean International - Copernicus Marine Service,https://marine.copernicus.eu/user-corner/service-commitments-and-licence,,
EO.MO.DAT.SST-GLO-SST-L3S-NRT-OBSERVATIONS-010-010,EO:MO:DAT:SST_GLO_SST_L3S_NRT_OBSERVATIONS_010_010,cmems,Global Ocean - Sea Surface Temperature Multi-sensor L3 Observations,,,,,,EO:MO:DAT:SST_GLO_SST_L3S_NRT_OBSERVATIONS_010_010,,,,,,,,,SST_GLO_SST_L3S_NRT_OBSERVATIONS_010_010,,,,,,,,105,"European Union, Copernicus Marine Service",Mercator Ocean International - Copernicus Marine Service,Mercator Ocean International - Copernicus Marine Service,https://marine.copernicus.eu/user-corner/service-commitments-and-licence,,
EO.MO.DAT.SST-GLO-SST-L4-NRT-OBSERVATIONS-010-001,EO:MO:DAT:SST_GLO_SST_L4_NRT_OBSERVATIONS_010_001,cmems,Global Ocean OSTIA Sea Surface Temperature and Sea Ice Analysis,,,,,,EO:MO:DAT:SST_GLO_SST_L4_NRT_OBSERVATIONS_010_001,,,,,,,,,SST_GLO_SST_L4_NRT_OBSERVATIONS_010_001,,,,,,,,106,"European Union, Copernicus Marine Service",Mercator Ocean International - Copernicus Marine Service,Mercator Ocean International - Copernicus Marine Service,https://marine.copernicus.eu/user-corner/service-commitments-and-licence,,
EO.MO.DAT.SST-GLO-SST-L4-NRT-OBSERVATIONS-010-005,EO:MO:DAT:SST_GLO_SST_L4_NRT_OBSERVATIONS_010_005,cmems,Global Ocean Sea Surface Temperature Multi Product Ensemble (GMPE),,,,,,,,,,,,,,,,,,,,,,,107,"European Union, Copernicus Marine Service",Mercator Ocean International - Copernicus Marine Service,Mercator Ocean International - Copernicus Marine Service,https://marine.copernicus.eu/user-corner/service-commitments-and-licence,DECOM,"Not found, no equivalents (maybe replace by version 010_001"
EO.MO.DAT.SST-GLO-SST-L4-NRT-OBSERVATIONS-010-014,EO:MO:DAT:SST_GLO_SST_L4_NRT_OBSERVATIONS_010_014,cmems,Global Ocean OSTIA Diurnal Skin Sea Surface Temperature,,,,,,,,,,,,,,,,,,,,,,,108,"European Union, Copernicus Marine Service",Mercator Ocean International - Copernicus Marine Service,Mercator Ocean International - Copernicus Marine Service,https://marine.copernicus.eu/user-corner/service-commitments-and-licence,DECOM,"Not found, no equivalents (maybe replace by version 010_001"
EO.MO.DAT.SST-GLO-SST-L4-REP-OBSERVATIONS-010-011,EO:MO:DAT:SST_GLO_SST_L4_REP_OBSERVATIONS_010_011,cmems,Global Ocean OSTIA Sea Surface Temperature and Sea Ice Reprocessed,,,,,,EO:MO:DAT:SST_GLO_SST_L4_REP_OBSERVATIONS_010_011,,,,,,,,,SST_GLO_SST_L4_REP_OBSERVATIONS_010_011,,,,,,,,109,"European Union, Copernicus Marine Service",Mercator Ocean International - Copernicus Marine Service,Mercator Ocean International - Copernicus Marine Service,https://marine.copernicus.eu/user-corner/service-commitments-and-licence,,
EO.MO.DAT.SST-GLO-SST-L4-REP-OBSERVATIONS-010-024,EO:MO:DAT:SST_GLO_SST_L4_REP_OBSERVATIONS_010_024,cmems,ESA SST CCI and C3S reprocessed sea surface temperature analyses,,,,,,EO:MO:DAT:SST_GLO_SST_L4_REP_OBSERVATIONS_010_024,,,,,,,,,SST_GLO_SST_L4_REP_OBSERVATIONS_010_024,,,,,,,,110,"European Union, Copernicus Marine Service",Mercator Ocean International - Copernicus Marine Service,Mercator Ocean International - Copernicus Marine Service,https://marine.copernicus.eu/user-corner/service-commitments-and-licence,,
EO.MO.DAT.WAVE-GLO-WAV-L3-SPC-NRT-OBSERVATIONS-014-002,EO:MO:DAT:WAVE_GLO_WAV_L3_SPC_NRT_OBSERVATIONS_014_002,cmems,GLOBAL OCEAN L3 SPECTRAL PARAMETERS FROM NRT SATELLITE MEASUREMENTS,,,,,,EO:MO:DAT:WAVE_GLO_WAV_L3_SPC_NRT_OBSERVATIONS_014_002,,,,,,,,,WAVE_GLO_WAV_L3_SPC_NRT_OBSERVATIONS_014_002,,,,,,,,111,"European Union, Copernicus Marine Service",Mercator Ocean International - Copernicus Marine Service,Mercator Ocean International - Copernicus Marine Service,https://marine.copernicus.eu/user-corner/service-commitments-and-licence,,
EO.MO.DAT.WAVE-GLO-WAV-L3-SWH-NRT-OBSERVATIONS-014-001,EO:MO:DAT:WAVE_GLO_WAV_L3_SWH_NRT_OBSERVATIONS_014_001,cmems,GLOBAL OCEAN L3 SIGNIFICANT WAVE HEIGHT FROM NRT SATELLITE MEASUREMENTS,,,,,,EO:MO:DAT:WAVE_GLO_PHY_SWH_L3_NRT_014_001,,,,,,,,,WAVE_GLO_PHY_SWH_L3_NRT_014_001,,,,,,,,112,"European Union, Copernicus Marine Service",Mercator Ocean International - Copernicus Marine Service,Mercator Ocean International - Copernicus Marine Service,https://marine.copernicus.eu/user-corner/service-commitments-and-licence,,
EO.MO.DAT.WAVE-GLO-WAV-L4-SWH-NRT-OBSERVATIONS-014-003,EO:MO:DAT:WAVE_GLO_WAV_L4_SWH_NRT_OBSERVATIONS_014_003,cmems,GLOBAL OCEAN L4 SIGNIFICANT WAVE HEIGHT FROM NRT SATELLITE MEASUREMENTS,,,,,,EO:MO:DAT:WAVE_GLO_PHY_SWH_L4_NRT_014_003,,,,,,,,,WAVE_GLO_PHY_SWH_L4_NRT_014_003,,,,,,,,113,"European Union, Copernicus Marine Service",Mercator Ocean International - Copernicus Marine Service,Mercator Ocean International - Copernicus Marine Service,https://marine.copernicus.eu/user-corner/service-commitments-and-licence,,
EO.MO.DAT.WIND-GLO-PHY-CLIMATE-L4-REP-012-003,EO:MO:DAT:WIND_GLO_PHY_CLIMATE_L4_REP_012_003,cmems,Global Ocean Wind L4 Reprocessed Monthly Mean Observations,,,,,,EO:MO:DAT:WIND_GLO_PHY_CLIMATE_L4_MY_012_003,,,,,,,,,WIND_GLO_PHY_CLIMATE_L4_MY_012_003,,,,,,,,114,"European Union, Copernicus Marine Service",Mercator Ocean International - Copernicus Marine Service,Mercator Ocean International - Copernicus Marine Service,https://marine.copernicus.eu/user-corner/service-commitments-and-licence,,
EO.MO.DAT.WIND-GLO-WIND-L3-NRT-OBSERVATIONS-012-002,EO:MO:DAT:WIND_GLO_WIND_L3_NRT_OBSERVATIONS_012_002,cmems,Global Ocean Daily Gridded Sea Surface Winds from Scatterometer,,,,,,EO:MO:DAT:WIND_GLO_WIND_L3_NRT_OBSERVATIONS_012_002,,,,,,,,,WIND_GLO_WIND_L3_NRT_OBSERVATIONS_012_002,,,,,,,,115,"European Union, Copernicus Marine Service",Mercator Ocean International - Copernicus Marine Service,Mercator Ocean International - Copernicus Marine Service,https://marine.copernicus.eu/user-corner/service-commitments-and-licence,,
EO.MO.DAT.WIND-GLO-WIND-L3-REP-OBSERVATIONS-012-005,EO:MO:DAT:WIND_GLO_WIND_L3_REP_OBSERVATIONS_012_005,cmems,Global Ocean Daily Gridded Reprocessed L3 Sea Surface Winds from Scatterometer,,,,,,EO:MO:DAT:WIND_GLO_WIND_L3_REP_OBSERVATIONS_012_005,,,,,,,,,WIND_GLO_WIND_L3_REP_OBSERVATIONS_012_005,,,,,,,,116,"European Union, Copernicus Marine Service",Mercator Ocean International - Copernicus Marine Service,Mercator Ocean International - Copernicus Marine Service,https://marine.copernicus.eu/user-corner/service-commitments-and-licence,,
EO.MO.DAT.WIND-GLO-WIND-L4-NRT-OBSERVATIONS-012-004,EO:MO:DAT:WIND_GLO_WIND_L4_NRT_OBSERVATIONS_012_004,cmems,Global Ocean Wind L4 Near real Time 6 hourly Observations,,,,,,EO:MO:DAT:WIND_GLO_PHY_L4_NRT_012_004,,,,,,,,,WIND_GLO_PHY_L4_NRT_012_004,,,,,,,,117,"European Union, Copernicus Marine Service",Mercator Ocean International - Copernicus Marine Service,Mercator Ocean International - Copernicus Marine Service,https://marine.copernicus.eu/user-corner/service-commitments-and-licence,,
EO.MO.DAT.WIND-GLO-WIND-L4-REP-OBSERVATIONS-012-006,EO:MO:DAT:WIND_GLO_WIND_L4_REP_OBSERVATIONS_012_006,cmems,Global Ocean L4 Reprocessed 6 hourly Observations,,,,,,EO:MO:DAT:WIND_GLO_PHY_L4_MY_012_006,,,,,,,,,WIND_GLO_PHY_L4_MY_012_006,,,,,,,,118,"European Union, Copernicus Marine Service",Mercator Ocean International - Copernicus Marine Service,Mercator Ocean International - Copernicus Marine Service,https://marine.copernicus.eu/user-corner/service-commitments-and-licence,,
EO.CLMS.DAT.URBAN-ATLAS,EO:CLMS:DAT:URBAN-ATLAS,eea,Urban Atlas,,,,,,EO:CLMS:DAT:URBAN-ATLAS,,,,,,,e006507d-15c8-49e6-959c-53b61facd873,,,,,,,,,,119,EEA,EEA,EEA,https://www.eea.europa.eu/en/datahub/eea-data-policy,,
EO.CLMS.DAT.HRL,EO:CLMS:DAT:HRL,eea,Pan-European High Resolution Layers (HRL) 10m on specific land cover characteristics,,,,,,EO:CLMS:DAT:HRL,,,,,,,,,,,,,,,,,120,EEA,EEA,EEA,https://www.eea.europa.eu/en/datahub/eea-data-policy,,
EO.CLMS.DAT.EU-HYDRO,EO:CLMS:DAT:EU-HYDRO,eea,EU-Hydro River Network Database/dataset for all EEA39 countries providing photo-interpreted river network,,,,,,EO:CLMS:DAT:EU-HYDRO,,,,,,,2e782ca5-c7b2-4b48-8928-03031b642176,,,,,,,,,,121,EEA,EEA,EEA,https://www.eea.europa.eu/en/datahub/eea-data-policy,,
EO.CLMS.DAT.GLO.LAI300_V1,EO:CLMS:DAT:CGLS_GLOBAL_LAI300_V1_333M,clms,Global 10-daily Leaf Area Index 333m,,,,,,EO:CLMS:DAT:CGLS_GLOBAL_LAI300_V1_333M,,,urn:cgls:global:lai300_v1_333m,CGLS_LAI300_V1_GLOBAL,,CGLS_LAI300_V1_GLOBAL,,,,,,,,,,,122,JRC,VITO NV,VITO NV,https://eur-lex.europa.eu/legal-content/EN/TXT/?uri=CELEX:32013R1159,ID_CHANGE,
EO.CLMS.DAT.GLO.FAPAR300_V1,EO:CLMS:DAT:CGLS_GLOBAL_FAPAR300_V1_333M,clms,Global 10-daily Fraction of Absorbed PAR 333m,,,,,,EO:CLMS:DAT:CGLS_GLOBAL_FAPAR300_V1_333M,,,urn:cgls:global:fapar300_v1_333m,CGLS_FAPAR300_V1_GLOBAL,,CGLS_FAPAR300_V1_GLOBAL,,,,,,,,,,,123,JRC,VITO NV,VITO NV,https://eur-lex.europa.eu/legal-content/EN/TXT/?uri=CELEX:32013R1159,ID_CHANGE,
EO.CLMS.DAT.EU.SWI_1KM_V1,Daily_SWI_1km_Europe_V1,clms,Daily Soil Water Index 1km Jan2015-Present,,,,,,EO:EEA:DAT:VEGETATION:DAILY_SWI_1KM_EUROPE_V1,,,urn:cgls:global:swi_v1_1km,,,,,,,,,,,,,,124,JRC,VITO NV,VITO NV,https://eur-lex.europa.eu/legal-content/EN/TXT/?uri=CELEX:32013R1159,NEW,
EO.EUM.DAT.SENTINEL-3.SL_1_RBT___,EO:EUM:DAT:SENTINEL-3:SL_1_RBT___,eum,Sentinel-3 L1B SLSTR Radiances and Brightness Temperatures,,,,,,EO:EUM:DAT:SENTINEL-3:SL_1_RBT___,,,,,,,,EO:EUM:DAT:0411,,,,,,,,,125,EUMETSAT,EUMETSAT,EUMETSAT,https://eur-lex.europa.eu/legal-content/EN/TXT/?uri=CELEX:32013R1159,,
EO.CLMS.DAT.EU.SSM_1KM_V1,Daily_SSM_1km_Europe_V1,clms,Daily Surface Surface Soil Moisture 1km Jan 2015 Sentinel-1 C-SAR ,,,,,,EO:EEA:DAT:VEGETATION:DAILY_SSM_1KM_EUROPE_V1,,,urn:cgls:global:ssm_v1_1km,CGLS_SSM_V1_EUROPE,,CGLS_SSM_V1_EUROPE,,,,,,,,,,,126,JRC,VITO NV,VITO NV,https://eur-lex.europa.eu/legal-content/EN/TXT/?uri=CELEX:32013R1159,NEW,
EO.EUM.DAT.SENTINEL-3.SR_1_SRA_A_,EO:EUM:DAT:SENTINEL-3:SR_1_SRA_A_,eum,Sentinel-3 Level 1A SRAL Unpacked L0 Complex echos,,,,,,EO:EUM:DAT:SENTINEL-3:SR_1_SRA___,,,,,,,,EO:EUM:DAT:0413,,,,,,,,,127,EUMETSAT,EUMETSAT,EUMETSAT,https://eur-lex.europa.eu/legal-content/EN/TXT/?uri=CELEX:32013R1159,,Copy of the wekeo identifier
EO.EUM.DAT.SENTINEL-3.SL_2_WST___,EO:EUM:DAT:0412,eum,Sentinel-3 Level 2 SLSTR Sea Surface Temperature (SST) ,,,,,,EO:EUM:DAT:SENTINEL-3:SL_2_WST___,,,,,,,,EO:EUM:DAT:0412,,,,,,,,,128,EUMETSAT,EUMETSAT,EUMETSAT,https://eur-lex.europa.eu/legal-content/EN/TXT/?uri=CELEX:32013R1159,,Copy of the wekeo identifier
EO.EUM.DAT.SENTINEL-3.SR_1_SRA_BS,EO:EUM:DAT:SENTINEL-3:SR_1_SRA_BS,eum,Sentinel-3 Level 1B SRAL stack echoes,,,,,,EO:EUM:DAT:SENTINEL-3:SR_1_SRA_BS,,,,,,,,EO:EUM:DAT:0414,,,,,,,,,129,EUMETSAT,EUMETSAT,EUMETSAT,https://eur-lex.europa.eu/legal-content/EN/TXT/?uri=CELEX:32013R1159,,
EO.ECMWF.DAT.GLACIERS-DISTRIBUTION-DATA-FROM-RANDOLPH-GLACIER-INVENTORY-2000,EO:ECMWF:DAT:GLACIERS_DISTRIBUTION_DATA_FROM_RANDOLPH_GLACIER_INVENTORY_2000,cds,Glaciers distribution data from the Randolph Glacier Inventory for year 2000,,,,,,EO:ECMWF:DAT:GLACIERS_DISTRIBUTION_DATA_FROM_RANDOLPH_GLACIER_INVENTORY_2000,,eu.copernicus.climate.insitu-glaciers-extent,,,,,,,,,,,,,,,130,ECMWF,ECMWF,ECMWF,https://cds.climate.copernicus.eu/api/v2/terms/static/licence-to-use-copernicus-products.pdf,,
EO.ECMWF.DAT.GLACIERS-ELEVATION-AND-MASS-CHANGE-DATA-1850-PRESENT,EO:ECMWF:DAT:GLACIERS_ELEVATION_AND_MASS_CHANGE_DATA_1850_PRESENT,cds,Glaciers elevation and mass change data from 1850 to present from the Fluctuations of Glaciers Database,,,,,,EO:ECMWF:DAT:GLACIERS_ELEVATION_AND_MASS_CHANGE_DATA_1850_PRESENT,,eu.copernicus.climate.insitu-glaciers-elevation-mass,,,,,,,,,,,,,,,131,ECMWF,ECMWF,ECMWF,https://cds.climate.copernicus.eu/api/v2/terms/static/licence-to-use-copernicus-products.pdf,,
EO.ECMWF.DAT.SEA-ICE-MONTHLY-AND-DAILY-GRIDDED-DATA-1978-PRESENT,EO:ECMWF:DAT:SEA_ICE_MONTHLY_AND_DAILY_GRIDDED_DATA_1978_PRESENT,cds,Sea ice monthly and daily gridded data from 1978 to present derived from satellite sensors,,,,,,EO:ECMWF:DAT:SEA_ICE_MONTHLY_AND_DAILY_GRIDDED_DATA_1978_PRESENT,,eu.copernicus.climate.satellite-sea-ice,,,,,,,,,,,,,,,132,ECMWF,ECMWF,ECMWF,https://cds.climate.copernicus.eu/api/v2/terms/static/licence-to-use-copernicus-products.pdf,,
EO.ECMWF.DAT.SEA-LEVEL-DAILY-GRIDDED-DATA-FOR-BLACK-SEA-1993-PRESENT,EO:ECMWF:DAT:SEA_LEVEL_DAILY_GRIDDED_DATA_FOR_BLACK_SEA_1993_PRESENT,cds,Sea level daily gridded data from satellite observations for the Black Sea from 1993 to 2020,,,,,,EO:ECMWF:DAT:SATELLITE_SEA_LEVEL_BLACK_SEA,,eu.copernicus.climate.satellite-sea-level-black-sea,,,,,,,,,,,,,,,133,ECMWF,ECMWF,ECMWF,https://cds.climate.copernicus.eu/api/v2/terms/static/licence-to-use-copernicus-products.pdf,,
EO.ECMWF.DAT.SEA-LEVEL-DAILY-GRIDDED-DATA-FOR-GLOBAL-OCEAN-1993-PRESENT,EO:ECMWF:DAT:SEA_LEVEL_DAILY_GRIDDED_DATA_FOR_GLOBAL_OCEAN_1993_PRESENT,cds,Sea level daily gridded data from satellite observations for the global ocean from 1993 to present,,,,,,EO:ECMWF:DAT:SEA_LEVEL_DAILY_GRIDDED_DATA_FOR_GLOBAL_OCEAN_1993_PRESENT,,eu.copernicus.climate.satellite-sea-level-global,,,,,,,,,,,,,,,134,ECMWF,ECMWF,ECMWF,https://cds.climate.copernicus.eu/api/v2/terms/static/licence-to-use-copernicus-products.pdf,,
EO.ECMWF.DAT.SEA-LEVEL-DAILY-GRIDDED-DATA-FOR-MEDITERRANEAN-SEA-1993-PRESENT,EO:ECMWF:DAT:SEA_LEVEL_DAILY_GRIDDED_DATA_FOR_MEDITERRANEAN_SEA_1993_PRESENT,cds,Sea level daily gridded data from satellite observations for the Mediterranean Sea from 1993 to 2020,,,,,,EO:ECMWF:DAT:SATELLITE_SEA_LEVEL_MEDITERRANEAN,,eu.copernicus.climate.satellite-sea-level-mediterranean,,,,,,,,,,,,,,,135,ECMWF,ECMWF,ECMWF,https://cds.climate.copernicus.eu/api/v2/terms/static/licence-to-use-copernicus-products.pdf,,
EO.ECMWF.DAT.CEMS-GLOFAS-HISTORICAL,EO:ECMWF:DAT:CEMS_GLOFAS_HISTORICAL,cds,River discharge and related historical data from the Global Flood Awareness System,,,,,,EO:ECMWF:DAT:CEMS_GLOFAS_HISTORICAL,,eu.copernicus.climate.cems-glofas-historical,,,,,,,,,,,,,,,136,ECMWF,ECMWF,ECMWF,https://cds.climate.copernicus.eu/api/v2/terms/static/licence-to-use-copernicus-products.pdf,,
EO.ECMWF.DAT.CEMS-GLOFAS-FORECAST,EO:ECMWF:DAT:CEMS_GLOFAS_FORECAST,cds,River discharge and related forecasted data by the Global Flood Awareness System,,,,,,EO:ECMWF:DAT:CEMS_GLOFAS_FORECAST,,eu.copernicus.climate.cems-glofas-forecast,,,,,,,,,,,,,,,137,ECMWF,ECMWF,ECMWF,https://cds.climate.copernicus.eu/api/v2/terms/static/licence-to-use-copernicus-products.pdf,,
EO.ECMWF.DAT.CEMS-GLOFAS-SEASONAL,EO:ECMWF:DAT:CEMS_GLOFAS_SEASONAL,cds,Seasonal forecasts of river discharge and related data by the Global Flood Awareness System,,,,,,EO:ECMWF:DAT:CEMS_GLOFAS_SEASONAL,,eu.copernicus.climate.cems-glofas-seasonal,,,,,,,,,,,,,,,138,ECMWF,ECMWF,ECMWF,https://cds.climate.copernicus.eu/api/v2/terms/static/licence-to-use-copernicus-products.pdf,,
EO.ECMWF.DAT.CEMS-FIRE-HISTORICAL,EO:ECMWF:DAT:CEMS_FIRE_HISTORICAL,cds,Fire danger indices historical data from the Copernicus Emergency Management Service,,,,,,EO:ECMWF:DAT:CEMS_FIRE_HISTORICAL,,eu.copernicus.climate.cems-fire-historical,,,,,,,,,,,,,,,139,ECMWF,ECMWF,ECMWF,https://cds.climate.copernicus.eu/api/v2/terms/static/licence-to-use-copernicus-products.pdf,,
EO.ECMWF.DAT.EFAS-REFORECAST,EO:ECMWF:DAT:EFAS_REFORECAST,cds,Reforecasts of river discharge and related data by the European Flood Awareness System,,,,,,EO:ECMWF:DAT:EFAS_REFORECAST,,eu.copernicus.climate.efas-reforecast,,,,,,,,,,,,,,,140,ECMWF,ECMWF,ECMWF,https://cds.climate.copernicus.eu/api/v2/terms/static/licence-to-use-copernicus-products.pdf,,
EO.ECMWF.DAT.EFAS-SEASONAL-REFORECAST,EO:ECMWF:DAT:EFAS_SEASONAL_REFORECAST,cds,Seasonal reforecasts of river discharge and related data by the European Flood Awareness System,,,,,,EO:ECMWF:DAT:EFAS_SEASONAL_REFORECAST,,eu.copernicus.climate.efas-seasonal-reforecast,,,,,,,,,,,,,,,141,ECMWF,ECMWF,ECMWF,https://cds.climate.copernicus.eu/api/v2/terms/static/licence-to-use-copernicus-products.pdf,,
EO.ECMWF.DAT.CEMS-GLOFAS-REFORECAST,EO:ECMWF:DAT:CEMS_GLOFAS_REFORECAST,cds,Reforecasts of river discharge and related data by the Global Flood Awareness System,,,,,,EO:ECMWF:DAT:CEMS_GLOFAS_REFORECAST,,eu.copernicus.climate.cems-glofas-reforecast,,,,,,,,,,,,,,,142,ECMWF,ECMWF,ECMWF,https://cds.climate.copernicus.eu/api/v2/terms/static/licence-to-use-copernicus-products.pdf,,
EO.ECMWF.DAT.CEMS-GLOFAS-SEASONAL-REFORECAST,EO:ECMWF:DAT:CEMS_GLOFAS_SEASONAL_REFORECAST,cds,Seasonal reforecasts of river discharge and related data from the Global Flood Awareness System,,,,,,EO:ECMWF:DAT:CEMS_GLOFAS_SEASONAL_REFORECAST,,eu.copernicus.climate.cems-glofas-seasonal-reforecast,,,,,,,,,,,,,,,143,ECMWF,ECMWF,ECMWF,https://cds.climate.copernicus.eu/api/v2/terms/static/licence-to-use-copernicus-products.pdf,,
ISIMIPdata,ISIMIPdata,,Climate forcing data,,,,,,,,,,,,,,,,,,,,,,,144,,,,,,
ISIMIPdata,ISIMIPdata,,Socioeconomic forcing data,,,,,,,,,,,,,,,,,,,,,,,145,,,,,,
IAGOSData,IAGOSData,,Atmospheric composition,,,,,,,,,,,,,,,,,,,,,,,146,,,,,,
EO.EUM.DAT.SENTINEL-3.AOD,EO:EUM:DAT:0416,eum,Sentinel-3 Level 2 SLSTR Aerosol Optical Depth,,,,,,EO:EUM:DAT:SENTINEL-3:0416,,,,,,,,EO:EUM:DAT:0416,,,,,,,,,147,EUMETSAT,EUMETSAT,EUMETSAT,https://eur-lex.europa.eu/legal-content/EN/TXT/?uri=CELEX:32013R1159,,
,EO:EUM:DAT:0411,eum,Sentinel-3 SLSTR Level 1B Radiances and Brightness Temperatures,,,,,,,,,,,,,,EO:EUM:DAT:0411,,,,,,,,,148,EUMETSAT,EUMETSAT,EUMETSAT,https://eur-lex.europa.eu/legal-content/EN/TXT/?uri=CELEX:32013R1159,TRUE,Duplicate of record EO:EUM:DAT:SENTINEL-3:SL_1_RBT___
EO.EUM.DAT.SENTINEL-3.FRP,EO:EUM:DAT:0417,eum,Sentinel-3 Level 2 SLSTR Fire Radiative Power,,,,,,EO:EUM:DAT:SENTINEL-3:0417,,,,,,,,EO:EUM:DAT:0417,,,,,,,,,149,EUMETSAT,EUMETSAT,EUMETSAT,https://eur-lex.europa.eu/legal-content/EN/TXT/?uri=CELEX:32013R1159,,
,EO:EUM:DAT:0581,eum,SLSTR Level 1B Radiances and Brightness Temperatures (version BC003) - Sentinel-3 - Reprocessed,,,,,,,,,,,,,,,,,,,,,,,162,EUMETSAT,EUMETSAT,EUMETSAT,https://eur-lex.europa.eu/legal-content/EN/TXT/?uri=CELEX:32013R1159,TRUE,"Record not consistent, title corresponding to SL_1_RBT___ product, identifier not found"
