id,old_id,prov_id,title,description,keywords,extent,links,wekeo,dataspace,cds,clms,vito,terrascope,openeo,eea,eum,cmems,mspc,gee,earthsearch,creodias,sentinelhub,eurac,openscience,Priority,licensor,producer,processor
EO.ESA.DAT.COP-DEM.GLO-30,EO:ESA:DAT:COP,esa,wekeo,wekeo,wekeo,wekeo,,EO:DEM:DAT:COP-DEM_GLO-30-DGED__2021_1,,,,TERRASCOPE_S2_FAPAR_V2,urn:eop:VITO:TERRASCOPE_S2_FAPAR_V2,TERRASCOPE_S2_FAPAR_V2,,,,cop-dem-glo-30,COPERNICUS/DEM/GLO30,cop-dem-glo-30,COP-DEM,,,,5,ESA,Sinergise,sinergise
EO.CLMS.DAT.CORINE,EO:CLMS:DAT:CORINE,eea,wekeo,wekeo,wekeo,wekeo,,EO:CLMS:DAT:CORINE,,,,CORINE_LAND_COVER,,CORINE_LAND_COVER,a5144888-ee2a-4e5d-a7b0-2bbf21656348,,,,COPERNICUS/CORINE/V20/100m,,,,,,6,EEA,EEA,EEA
EO.ECMWF.DAT.SIS-HYDROLOGY-METEOROLOGY-DERIVED-PROJECTIONS,EO:ECMWF:DAT:SIS_HYDROLOGY_METEOROLOGY_DERIVED_PROJECTIONS,cds,wekeo,wekeo,wekeo,wekeo,,EO:ECMWF:DAT:SIS_HYDROLOGY_METEOROLOGY_DERIVED_PROJECTIONS,,eu.copernicus.climate.sis-hydrology-meteorology-derived-projections,,,,,,,,,,,,,,,12,ECMWF,ECMWF,ECMWF
EO.ECMWF.DAT.ERA5-HOURLY-VARIABLES-ON-PRESSURE-LEVELS,EO:ECMWF:DAT:ERA5_HOURLY_VARIABLES_ON_PRESSURE_LEVELS,cds,wekeo,wekeo,wekeo,wekeo,,EO:ECMWF:DAT:REANALYSIS_ERA5_PRESSURE_LEVELS,,eu.copernicus.climate.reanalysis-era5-pressure-levels,,,,,,,,,,,,,,,13,ECMWF,ECMWF,ECMWF
EO.ECMWF.DAT.ERA5-LAND-HOURLY,EO:ECMWF:DAT:ERA5_LAND_HOURLY,cds,wekeo,wekeo,wekeo,wekeo,,EO:ECMWF:DAT:REANALYSIS_ERA5_LAND,,eu.copernicus.climate.reanalysis-era5-land,,,,,,,,,,,,,,,14,ECMWF,ECMWF,ECMWF
EO.ECMWF.DAT.REANALYSIS-ERA5-SINGLE-LEVELS,EO:ECMWF:DAT:REANALYSIS_ERA5_SINGLE_LEVELS,cds,wekeo,wekeo,wekeo,wekeo,,EO:ECMWF:DAT:REANALYSIS_ERA5_SINGLE_LEVELS,,eu.copernicus.climate.reanalysis-era5-single-levels,,,,,,,,,,,,,,,15,ECMWF,ECMWF,ECMWF
EO.ECMWF.DAT.REANALYSIS-UERRA-EUROPE-SINGLE-LEVELS,EO:ECMWF:DAT:REANALYSIS_UERRA_EUROPE_SINGLE_LEVELS,cds,wekeo,wekeo,wekeo,wekeo,,EO:ECMWF:DAT:REANALYSIS_UERRA_EUROPE_SINGLE_LEVELS,,eu.copernicus.climate.reanalysis-uerra-europe-single-levels,,,,,,,,,,,,,,,16,ECMWF,ECMWF,ECMWF
EO.CLMS.DAT.GLO.FCOVER300_V1,EO:CLMS:DAT:CGLS_GLOBAL_FCOVER300_V1_333M,clms,wekeo,wekeo,wekeo,wekeo,,EO:CLMS:DAT:CGLS_GLOBAL_FCOVER300_V1_333M,,,urn:cgls:global:fcover300_v1_333m,CGLS_FCOVER300_V1_GLOBAL,,CGLS_FCOVER300_V1_GLOBAL,,,,,,,,,,,17,JRC,VITO NV,VITO NV
EO.CLMS.DAT.GLO.NDVI_1KM_V2,EO:CLMS:DAT:CGLS_GLOBAL_NDVI_V2_1KM,clms,wekeo,wekeo,wekeo,wekeo,,EO:CLMS:DAT:CGLS_GLOBAL_NDVI_V2_1KM_LTS,,,urn:cgls:global:ndvi_v2_1km,CGLS_NDVI_V2_GLOBAL,,CGLS_NDVI_V2_GLOBAL,,,,,,,,,,,18,JRC,VITO NV,VITO NV
EO.CLMS.DAT.GLO.NDVI300_V1,EO:CLMS:DAT:CGLS_GLOBAL_NDVI300_V1_333M,clms,wekeo,wekeo,wekeo,wekeo,,EO:CLMS:DAT:CGLS_GLOBAL_NDVI300_V1_333M,,,urn:cgls:global:ndvi_v2_1km,CGLS_NDVI_V2_GLOBAL,,CGLS_NDVI_V2_GLOBAL,,,,,,,,,,,19,JRC,VITO NV,VITO NV
EO.CLMS.DAT.SENTINEL-2.HRVPP.VI,EO:HRVPP:DAT:VEGETATION-INDICES,clms,wekeo,wekeo,wekeo,wekeo,,EO:EEA:DAT:CLMS_HRVPP_VI,,,,VEGETATION_INDICES,,VEGETATION_INDICES,,VEGETATION_INDICES,,,,,,,,,20,JRC,VITO NV,VITO NV
EO.CLMS.DAT.GLO.BA300_V1,URN:CGLS:GLOBAL:BA300_V1_333M,clms,wekeo,wekeo,wekeo,wekeo,,EO:CLMS:DAT:CGLS_GLOBAL_BA300_V1_333M,,,urn:cgls:global:ba300_v1_333m,,,,,,,,,,,,,,21,JRC,VITO NV,VITO NV
EO.CLMS.DAT.GLO.BA300_V3,URN:CGLS:GLOBAL:BA300_V3_333M,clms,wekeo,wekeo,wekeo,wekeo,,EO:CLMS:DAT:CGLS_GLOBAL_BA300_V3,,,urn:cgls:global:ba300_v3_333m,,,,,,,,,,,,,,22,JRC,VITO NV,VITO NV
EO.CLMS.DAT.GLO.DMP300_V1,URN:CGLS:GLOBAL:DMP300_V1_333M,clms,wekeo,wekeo,wekeo,wekeo,,EO:CLMS:DAT:CGLS_GLOBAL_DMP300_V1_333M,,,urn:cgls:global:dmp300_v1_333m,,,,,,,,,,,,,,23,JRC,VITO NV,VITO NV
EO.CLMS.DAT.GLO.GDMP300_V1,URN:CGLS:GLOBAL:GDMP300_V1_333M,clms,wekeo,wekeo,wekeo,wekeo,,EO:CLMS:DAT:CGLS_GLOBAL_GDMP300_V1_333M,,,urn:cgls:global:gdmp300_v1_333m,CGLS_GDMP300_V1_GLOBAL,,CGLS_GDMP300_V1_GLOBAL,,,,,,,,,,,24,JRC,VITO NV,VITO NV
EO.EUM.DAT.SENTINEL-3.OL_1_EFR___,EO:EUM:DAT:SENTINEL-3:OL_1_EFR___,eum,wekeo,wekeo,wekeo,wekeo,,EO:EUM:DAT:SENTINEL-3:OL_1_EFR___,,,,,,,,EO:EUM:DAT:0409,,,,,,,,,25,EUMETSAT,EUMETSAT,EUMETSAT
EO.EUM.DAT.SENTINEL-3.OL_1_WFR___,EO:EUM:DAT:SENTINEL-3:OL_1_WFR___,eum,wekeo,wekeo,wekeo,wekeo,,EO:EUM:DAT:SENTINEL-3:OL_2_WFR___,,,,,,,,EO:EUM:DAT:0407,,,,,,,,,26,EUMETSAT,EUMETSAT,EUMETSAT
EO.EUM.DAT.SENTINEL-3.SR_1_SRA___,EO:EUM:DAT:SENTINEL-3:SR_1_SRA___,eum,wekeo,wekeo,wekeo,wekeo,,EO:EUM:DAT:SENTINEL-3:SR_1_SRA___,,,,,,,,EO:EUM:DAT:0406,,,,,,,,,27,EUMETSAT,EUMETSAT,EUMETSAT
EO.EUM.DAT.SENTINEL-3.SR_2_WAT___,EO:EUM:DAT:SENTINEL-3:SR_2_WAT___,eum,wekeo,wekeo,wekeo,wekeo,,EO:EUM:DAT:SENTINEL-3:SR_2_WAT___,,,,,,,,EO:EUM:DAT:0415,,,,,,,,,28,EUMETSAT,EUMETSAT,EUMETSAT
EO.ESA.DAT.SENTINEL-1.L1_GRD,EO:ESA:DAT:EODC-SENTINEL-1:L1_GRD,dataspace,wekeo,wekeo,wekeo,wekeo,,EO:ESA:DAT:EODC-SENTINEL-1:L1_GRD,,,,,,SENTINEL1_GRD,,,,sentinel-1-grd,COPERNICUS/S1_GRD,sentinel-1-grd,,,,,29,ESA,ESA,ESA
EO.ESA.DAT.SENTINEL-1.L1_SLC,EO:ESA:DAT:EODC-SENTINEL-1:L1_SLC,dataspace,wekeo,wekeo,wekeo,wekeo,,EO:ESA:DAT:EODC-SENTINEL-1:L1_SLC,,,,,,,,,,,,,,,,,30,ESA,ESA,ESA
EO.ESA.DAT.SENTINEL-2.MSI.L1C,EO:ESA:DAT:SENTINEL-2:MSI:L1C,dataspace,wekeo,wekeo,wekeo,wekeo,,EO:ESA:DAT:SENTINEL-2:MSI,,,,SENTINEL2_L1C,urn:eop:VITO:CGS_S2_L1C,SENTINEL2_L1C,,,,,,,,,,,31,ESA,ESA,ESA
EO.ESA.DAT.SENTINEL-2.MSI.L2A,EO:ESA:DAT:SENTINEL-2:MSI:L2A,dataspace,wekeo,wekeo,wekeo,wekeo,,EO:ESA:DAT:SENTINEL-2:MSI,,,,SENTINEL2_L2A,,SENTINEL2_L2A,,,,sentinel-2-l2a,,,,,,,32,ESA,ESA,ESA
EO.EUM.DAT.SENTINEL-3.OL_1_ERR___,EO:EUM:DAT:SENTINEL-3:OL_1_ERR___,eum,wekeo,wekeo,wekeo,wekeo,,EO:EUM:DAT:SENTINEL-3:OL_1_ERR___,,,,,,,,EO:EUM:DAT:0410,,,,,,,,,33,EUMETSAT,EUMETSAT,EUMETSAT
EO.EUM.DAT.SENTINEL-3.OL_1_WRR___,EO:EUM:DAT:SENTINEL-3:OL_1_WRR___,eum,wekeo,wekeo,wekeo,wekeo,,EO:EUM:DAT:SENTINEL-3:OL_1_WRR___,,,,,,,,EO:EUM:DAT:0408,,,,,,,,,34,EUMETSAT,EUMETSAT,EUMETSAT
EO.ESA.DAT.SENTINEL-5P.TROPOMI.L1,EO:ESA:DAT:SENTINEL-5P:TROPOMI:L1,dataspace,wekeo,wekeo,wekeo,wekeo,,EO:ESA:DAT:SENTINEL-5P:TROPOMI,,,,,,,,,,,,,,,,,35,ESA,ESA,ESA
EO.ESA.DAT.SENTINEL-5P.TROPOMI.L2,EO:ESA:DAT:SENTINEL-5P:TROPOMI:L2,dataspace,wekeo,wekeo,wekeo,wekeo,,EO:ESA:DAT:SENTINEL-5P:TROPOMI,,,,SENTINEL_5P_L2,,SENTINEL_5P_L2,,,,,,,,,,,36,ESA,ESA,ESA
EO.ESA.DAT.SENTINEL-3.OL_2_LAN___,EO:ESA:DAT:SENTINEL-3:OL_2_LAN___,dataspace,,,,,,,,,,,,,,,,,,,,,,,37,ESA,ESA,ESA
EO.ESA.DAT.SENTINEL-3.OL_2_LFR___,EO:ESA:DAT:SENTINEL-3:OL_2_LFR___,dataspace,wekeo,wekeo,wekeo,wekeo,,EO:ESA:DAT:SENTINEL-3:OL_2_LFR___,,,,,,,,,,,,,,,,,38,ESA,ESA,ESA
EO.ESA.DAT.SENTINEL-3.OL_2_LRR___,EO:ESA:DAT:SENTINEL-3:OL_2_LRR___,dataspace,wekeo,wekeo,wekeo,wekeo,,EO:ESA:DAT:SENTINEL-3:OL_2_LRR___,,,,,,,,,,,,,,,,,39,ESA,ESA,ESA
EO.ESA.DAT.SENTINEL-3.OL_2_LST___,EO:ESA:DAT:SENTINEL-3:OL_2_LST___,dataspace,,,,,,,,,,,,,,,,,,,,,,,40,ESA,ESA,ESA
EO.ECMWF.DAT.SEASONAL-FORECAST-DAILY-DATA-ON-SINGLE-LEVELS-2017-PRESENT,EO:ECMWF:DAT:SEASONAL_FORECAST_DAILY_DATA_ON_SINGLE_LEVELS_2017_PRESENT,cds,wekeo,wekeo,wekeo,wekeo,,EO:ECMWF:DAT:SEASONAL_FORECAST_DAILY_DATA_ON_SINGLE_LEVELS_2017_PRESENT,,eu.copernicus.climate.seasonal-original-single-levels,,,,,,,,,,,,,,,42,ECMWF,ECMWF,ECMWF
EO.ECMWF.DAT.CAMS-EURO-AIR-QUAL-REANALYSIS,EO:ECMWF:DAT:CAMS_EURO_AIR_QUAL_REANALYSIS,ads,wekeo,wekeo,wekeo,wekeo,,EO:ECMWF:DAT:CAMS_EUROPE_AIR_QUALITY_REANALYSES,,,,,,,,,,,,,,,,,44,ECMWF,ECMWF,ECMWF
EO.ECMWF.DAT.CAMS-EUROPE-AIR-QUALITY-FORECASTS,EO:ECMWF:DAT:CAMS_EUROPE_AIR_QUALITY_FORECASTS,ads,wekeo,wekeo,wekeo,wekeo,,EO:ECMWF:DAT:CAMS_EUROPE_AIR_QUALITY_FORECASTS,,,,,,,,,,,,,,,,,45,ECMWF,ECMWF,ECMWF
EO.ECMWF.DAT.CAMS-GLOBAL-ATMOSHERIC-COMPO-FORECAST,EO:ECMWF:DAT:CAMS_GLOBAL_ATMOSHERIC_COMPO_FORECAST,ads,wekeo,wekeo,wekeo,wekeo,,EO:ECMWF:DAT:CAMS_GLOBAL_ATMOSPHERIC_COMPOSITION_FORECASTS,,,,,,,,,,,,,,,,,46,ECMWF,ECMWF,ECMWF
EO.ECMWF.DAT.CAMS-GLOBAL-EMISSION-INVENTORIES,EO:ECMWF:DAT:CAMS_GLOBAL_EMISSION_INVENTORIES,ads,wekeo,wekeo,wekeo,wekeo,,EO:ECMWF:DAT:CAMS_GLOBAL_EMISSION_INVENTORIES,,,,,,,,,,,,,,,,,47,ECMWF,ECMWF,ECMWF
EO.ECMWF.DAT.CAMS-GLOBAL-GREENHOUSE-GAS-REANALYSIS,EO:ECMWF:DAT:CAMS_GLOBAL_GREENHOUSE_GAS_RANALYSIS,ads,wekeo,wekeo,wekeo,wekeo,,EO:ECMWF:DAT:CAMS_GLOBAL_GHG_REANALYSIS_EGG4,,,,,,,,,,,,,,,,,48,ECMWF,ECMWF,ECMWF
EO.ECMWF.DAT.CAMS-GLOBAL-GREENHOUSE-GAS-REANALYSIS-MONTHLY-AV-FIELDS,EO:ECMWF:DAT:CAMS_GLOBAL_GREENHOUSE_GAS_RANALYSIS_MONTHLY_AV_FIELDS,ads,wekeo,wekeo,wekeo,wekeo,,EO:ECMWF:DAT:CAMS_GLOBAL_GHG_REANALYSIS_EGG4_MONTHLY,,,,,,,,,,,,,,,,,49,ECMWF,ECMWF,ECMWF
EO.ECMWF.DAT.CAMS-GLOBAL-RADIATIVE-FORCING,EO:ECMWF:DAT:CAMS_GLOBAL_RADIATIVE_FORCING,ads,wekeo,wekeo,wekeo,wekeo,,EO:ECMWF:DAT:CAMS_GLOBAL_RADIATIVE_FORCINGS,,,,,,,,,,,,,,,,,50,ECMWF,ECMWF,ECMWF
EO.ECMWF.DAT.CAMS-GLOBAL-RADIATIVE-FORCING-AUX,EO:ECMWF:DAT:CAMS_GLOBAL_RADIATIVE_FORCING_AUX,ads,wekeo,wekeo,wekeo,wekeo,,EO:ECMWF:DAT:CAMS_GLOBAL_RADIATIVE_FORCING_AUXILLIARY_VARIABLES,,,,,,,,,,,,,,,,,51,ECMWF,ECMWF,ECMWF
EO.ECMWF.DAT.CAMS-GLOBAL-REANALYSIS-EAC4,EO:ECMWF:DAT:CAMS_GLOBAL_REANALYSIS_EAC4,ads,wekeo,wekeo,wekeo,wekeo,,EO:ECMWF:DAT:CAMS_GLOBAL_REANALYSIS_EAC4,,,,,,,,,,,,,,,,,52,ECMWF,ECMWF,ECMWF
EO.ECMWF.DAT.CAMS-GLOBAL-REANALYSIS-EAC4-MONTHLY-AV-FIELDS,EO:ECMWF:DAT:CAMS_GLOBAL_REANALYSIS_EAC4_MONTHLY_AV_FIELDS,ads,wekeo,wekeo,wekeo,wekeo,,EO:ECMWF:DAT:CAMS_GLOBAL_REANALYSIS_EAC4_MONTHLY,,,,,,,,,,,,,,,,,53,ECMWF,ECMWF,ECMWF
EO.ECMWF.DAT.CAMS-GREENHOUSE-GAS-FLUXES,EO:ECMWF:DAT:CAMS_GREENHOUSE_GAS_FLUXES,ads,wekeo,wekeo,wekeo,wekeo,,EO:ECMWF:DAT:CAMS_GLOBAL_GREENHOUSE_GAS_INVERSION,,,,,,,,,,,,,,,,,54,ECMWF,ECMWF,ECMWF
EO.ECMWF.DAT.CAMS-SOLAR-RADIATION-TIMESERIES,EO:ECMWF:DAT:CAMS_SOLAR_RADIATION_TIMESERIES,ads,wekeo,wekeo,wekeo,wekeo,,EO:ECMWF:DAT:CAMS_SOLAR_RADIATION_TIMESERIES,,,,,,,,,,,,,,,,,55,ECMWF,ECMWF,ECMWF
EO.ECMWF.DAT.EFAS-FORECAST,EO:ECMWF:DAT:EFAS_FORECAST,cds,wekeo,wekeo,wekeo,wekeo,,EO:ECMWF:DAT:EFAS_FORECAST,,eu.copernicus.climate.efas-forecast,,,,,,,,,,,,,,,56,ECMWF,ECMWF,ECMWF
EO.ECMWF.DAT.EFAS-HISTORICAL,EO:ECMWF:DAT:EFAS_HISTORICAL,cds,wekeo,wekeo,wekeo,wekeo,,EO:ECMWF:DAT:EFAS_HISTORICAL,,eu.copernicus.climate.efas-historical,,,,,,,,,,,,,,,57,ECMWF,ECMWF,ECMWF
EO.ECMWF.DAT.EFAS-SEASONAL,EO:ECMWF:DAT:EFAS_SEASONAL,cds,wekeo,wekeo,wekeo,wekeo,,EO:ECMWF:DAT:EFAS_SEASONAL,,eu.copernicus.climate.efas-seasonal,,,,,,,,,,,,,,,58,ECMWF,ECMWF,ECMWF
EO.ECMWF.DAT.CO2-DATA-FROM-SATELLITE-SENSORS-2002-PRESENT,EO:ECMWF:DAT:CO2_DATA_FROM_SATELLITE_SENSORS_2002_PRESENT,cds,wekeo,wekeo,wekeo,wekeo,,EO:ECMWF:DAT:CO2_DATA_FROM_SATELLITE_SENSORS_2002_PRESENT,,eu.copernicus.climate.satellite-carbon-dioxide,,,,,,,,,,,,,,,61,ECMWF,ECMWF,ECMWF
EO.ECMWF.DAT.METHANE-DATA-SATELLITE-SENSORS-2002-PRESENT,EO:ECMWF:DAT:METHANE_DATA_SATELLITE_SENSORS_2002_PRESENT,cds,wekeo,wekeo,wekeo,wekeo,,EO:ECMWF:DAT:METHANE_DATA_SATELLITE_SENSORS_2002_PRESENT,,eu.copernicus.climate.satellite-methane,,,,,,,,,,,,,,,62,ECMWF,ECMWF,ECMWF
EO.ECMWF.DAT.ERA5-LAND-MONTHLY,EO:ECMWF:DAT:ERA5_LAND_MONTHLY,cds,wekeo,wekeo,wekeo,wekeo,,EO:ECMWF:DAT:REANALYSIS_ERA5_LAND_MONTHLY_MEANS,,eu.copernicus.climate.reanalysis-era5-land-monthly-means,,,,,,,,,,,,,,,63,ECMWF,ECMWF,ECMWF
EO.ECMWF.DAT.ERA5-MONTHLY-MEANS-VARIABLES-ON-PRESSURE-LEVELS,EO:ECMWF:DAT:ERA5_MONTHLY_MEANS_VARIABLES_ON_PRESSURE_LEVELS,cds,wekeo,wekeo,wekeo,wekeo,,EO:ECMWF:DAT:REANALYSIS_ERA5_PRESSURE_LEVELS_MONTHLY_MEANS,,eu.copernicus.climate.reanalysis-era5-pressure-levels-monthly-means,,,,,,,,,,,,,,,64,ECMWF,ECMWF,ECMWF
EO.ECMWF.DAT.REANALYSIS-ERA5-SINGLE-LEVELS-MONTHLY-MEANS,EO:ECMWF:DAT:REANALYSIS_ERA5_SINGLE_LEVELS_MONTHLY_MEANS,cds,wekeo,wekeo,wekeo,wekeo,,EO:ECMWF:DAT:REANALYSIS_ERA5_SINGLE_LEVELS_MONTHLY_MEANS,,eu.copernicus.climate.reanalysis-era5-single-levels-monthly-means,,,,,,,,,,,,,,,65,ECMWF,ECMWF,ECMWF
EO.ECMWF.DAT.SEASONAL-FORECAST-ANOMALIES-ON-PRESSURE-LEVELS-2017-PRESENT,EO:ECMWF:DAT:SEASONAL_FORECAST_ANOMALIES_ON_PRESSURE_LEVELS_2017_PRESENT,cds,wekeo,wekeo,wekeo,wekeo,,EO:ECMWF:DAT:SEASONAL_FORECAST_ANOMALIES_ON_PRESSURE_LEVELS_2017_PRESENT,,eu.copernicus.climate.seasonal-postprocessed-pressure-levels,,,,,,,,,,,,,,,66,ECMWF,ECMWF,ECMWF
EO.ECMWF.DAT.SEASONAL-FORECAST-ANOMALIES-ON-SINGLE-LEVELS-2017-PRESENT,EO:ECMWF:DAT:SEASONAL_FORECAST_ANOMALIES_ON_SINGLE_LEVELS_2017_PRESENT,cds,wekeo,wekeo,wekeo,wekeo,,EO:ECMWF:DAT:SEASONAL_FORECAST_ANOMALIES_ON_SINGLE_LEVELS_2017_PRESENT,,eu.copernicus.climate.seasonal-postprocessed-single-levels,,,,,,,,,,,,,,,67,ECMWF,ECMWF,ECMWF
EO.ECMWF.DAT.SEASONAL-FORECAST-DAILY-DATA-ON-PRESSURE-LEVELS-2017-PRESENT,EO:ECMWF:DAT:SEASONAL_FORECAST_DAILY_DATA_ON_PRESSURE_LEVELS_2017_PRESENT,cds,wekeo,wekeo,wekeo,wekeo,,EO:ECMWF:DAT:SEASONAL_FORECAST_DAILY_DATA_ON_PRESSURE_LEVELS_2017_PRESENT,,eu.copernicus.climate.seasonal-original-pressure-levels,,,,,,,,,,,,,,,68,ECMWF,ECMWF,ECMWF
EO.ECMWF.DAT.SEASONAL-FORECAST-MONTHLY-STATISTICS-ON-PRESSURE-LEVELS-2017-PRESENT,EO:ECMWF:DAT:SEASONAL_FORECAST_MONTHLY_STATISTICS_ON_PRESSURE_LEVELS_2017_PRESENT,cds,wekeo,wekeo,wekeo,wekeo,,EO:ECMWF:DAT:SEASONAL_FORECAST_MONTHLY_STATISTICS_ON_PRESSURE_LEVELS_2017_PRESENT,,eu.copernicus.climate.seasonal-monthly-pressure-levels,,,,,,,,,,,,,,,69,ECMWF,ECMWF,ECMWF
EO.ECMWF.DAT.SEASONAL-FORECAST-MONTHLY-STATISTICS-ON-SINGLE-LEVELS-2017-PRESENT,EO:ECMWF:DAT:SEASONAL_FORECAST_MONTHLY_STATISTICS_ON_SINGLE_LEVELS_2017_PRESENT,cds,wekeo,wekeo,wekeo,wekeo,,EO:ECMWF:DAT:SEASONAL_FORECAST_MONTHLY_STATISTICS_ON_SINGLE_LEVELS_2017_PRESENT,,eu.copernicus.climate.seasonal-monthly-single-levels,,,,,,,,,,,,,,,70,ECMWF,ECMWF,ECMWF
EO.MO.DAT.GLOBAL-ANALYSIS-FORECAST-BIO-001-028,EO:MO:DAT:GLOBAL_ANALYSIS_FORECAST_BIO_001_028,cmems,wekeo,wekeo,wekeo,wekeo,,EO:MO:DAT:GLOBAL_ANALYSIS_FORECAST_BIO_001_028,,,,,,,,,GLOBAL_ANALYSIS_FORECAST_BIO_001_028,,,,,,,,71,cmems,cmems,cmems
EO.MO.DAT.GLOBAL-ANALYSIS-FORECAST-PHY-001-024,EO:MO:DAT:GLOBAL_ANALYSIS_FORECAST_PHY_001_024,cmems,wekeo,wekeo,wekeo,wekeo,,EO:MO:DAT:GLOBAL_ANALYSISFORECAST_PHY_001_024,,,,,,,,,GLOBAL_ANALYSISFORECAST_PHY_001_024,,,,,,,,72,cmems,cmems,cmems
EO.MO.DAT.GLOBAL-ANALYSIS-FORECAST-WAV-001-027,EO:MO:DAT:GLOBAL_ANALYSIS_FORECAST_WAV_001_027,cmems,wekeo,wekeo,wekeo,wekeo,,EO:MO:DAT:GLOBAL_ANALYSISFORECAST_WAV_001_027,,,,,,,,,GLOBAL_ANALYSISFORECAST_WAV_001_027,,,,,,,,73,cmems,cmems,cmems
EO.MO.DAT.GLOBAL-MULTIYEAR-BGC-001-033,EO:MO:DAT:GLOBAL_MULTIYEAR_BGC_001_033,cmems,wekeo,wekeo,wekeo,wekeo,,EO:MO:DAT:GLOBAL_MULTIYEAR_BGC_001_033,,,,,,,,,GLOBAL_MULTIYEAR_BGC_001_033,,,,,,,,74,cmems,cmems,cmems
EO.MO.DAT.GLOBAL-MULTIYEAR-WAV-001-032,EO:MO:DAT:GLOBAL_MULTIYEAR_WAV_001_032,cmems,wekeo,wekeo,wekeo,wekeo,,EO:MO:DAT:GLOBAL_MULTIYEAR_WAV_001_032,,,,,,,,,GLOBAL_MULTIYEAR_WAV_001_032,,,,,,,,75,cmems,cmems,cmems
EO.MO.DAT.GLOBAL-REANALYSIS-PHY-001-026,EO:MO:DAT:GLOBAL_REANALYSIS_PHY_001_026,cmems,wekeo,wekeo,wekeo,wekeo,,EO:MO:DAT:GLOBAL_REANALYSIS_PHY_001_026,,,,,,,,,GLOBAL_REANALYSIS_PHY_001_026,,,,,,,,76,cmems,cmems,cmems
EO.MO.DAT.GLOBAL-REANALYSIS-PHY-001-031,EO:MO:DAT:GLOBAL_REANALYSIS_PHY_001_031,cmems,wekeo,wekeo,wekeo,wekeo,,EO:MO:DAT:GLOBAL_REANALYSIS_PHY_001_031,,,,,,,,,GLOBAL_REANALYSIS_PHY_001_031,,,,,,,,77,cmems,cmems,cmems
EO.MO.DAT.INSITU-GLO-PHY-TS-OA-NRT-013-002,,cmems,wekeo,wekeo,wekeo,wekeo,,EO:MO:DAT:INSITU_GLO_PHY_TS_OA_NRT_013_002,,,,,,,,,INSITU_GLO_PHY_TS_OA_NRT_013_002,,,,,,,,78,cmems,cmems,cmems
EO.MO.DAT.INSITU-GLO-PHY-TS-OA-MY-013-052,,cmems,wekeo,wekeo,wekeo,wekeo,,EO:MO:DAT:INSITU_GLO_PHY_TS_OA_MY_013_052,,,,,,,,,INSITU_GLO_PHY_TS_OA_MY_013_052,,,,,,,,79,cmems,cmems,cmems
EO.MO.DAT.INSITU-GLO-UV-NRT-OBSERVATIONS-013-048,EO:MO:DAT:INSITU_GLO_UV_NRT_OBSERVATIONS_013_048,cmems,wekeo,wekeo,wekeo,wekeo,,EO:MO:DAT:INSITU_GLO_PHY_UV_DISCRETE_NRT_013_048,,,,,,,,,INSITU_GLO_PHY_UV_DISCRETE_NRT_013_048,,,,,,,,80,cmems,cmems,cmems
EO.MO.DAT.MULTIOBS-GLO-BIO-BGC-3D-REP-015-010,EO:MO:DAT:MULTIOBS_GLO_BIO_BGC_3D_REP_015_010,cmems,wekeo,wekeo,wekeo,wekeo,,EO:MO:DAT:MULTIOBS_GLO_BIO_BGC_3D_REP_015_010,,,,,,,,,MULTIOBS_GLO_BIO_BGC_3D_REP_015_010,,,,,,,,81,cmems,cmems,cmems
EO.MO.DAT.MULTIOBS-GLO-BIO-CARBON-SURFACE-REP-015-008,EO:MO:DAT:MULTIOBS_GLO_BIO_CARBON_SURFACE_REP_015_008,cmems,wekeo,wekeo,wekeo,wekeo,,EO:MO:DAT:MULTIOBS_GLO_BIO_CARBON_SURFACE_REP_015_008,,,,,,,,,MULTIOBS_GLO_BIO_CARBON_SURFACE_REP_015_008,,,,,,,,82,cmems,cmems,cmems
EO.MO.DAT.MULTIOBS-GLO-BGC-NUTRIENTS-CARBON-PROFILES-MYNRT-015-009,,cmems,cmems,cmems,cmems,cmems,,,,,,,,,,,MULTIOBS_GLO_BGC_NUTRIENTS_CARBON_PROFILES_MYNRT_015_009,,,,,,,,83,cmems,cmems,cmems
EO.MO.DAT.MULTIOBS-GLO-PHY-NRT-015-003,EO:MO:DAT:MULTIOBS_GLO_PHY_NRT_015_003,cmems,wekeo,wekeo,wekeo,wekeo,,EO:MO:DAT:MULTIOBS_GLO_PHY_NRT_015_003,,,,,,,,,MULTIOBS_GLO_PHY_NRT_015_003,,,,,,,,84,cmems,cmems,cmems
EO.MO.DAT.MULTIOBS-GLO-PHY-REP-015-004,EO:MO:DAT:MULTIOBS_GLO_PHY_REP_015_004,cmems,wekeo,wekeo,wekeo,wekeo,,EO:MO:DAT:MULTIOBS_GLO_PHY_REP_015_004,,,,,,,,,MULTIOBS_GLO_PHY_REP_015_004,,,,,,,,85,cmems,cmems,cmems
EO.MO.DAT.MULTIOBS-GLO-PHY-S-SURFACE-MYNRT-015-013,EO:MO:DAT:MULTIOBS_GLO_PHY_S_SURFACE_MYNRT_015_013,cmems,wekeo,wekeo,wekeo,wekeo,,EO:MO:DAT:MULTIOBS_GLO_PHY_S_SURFACE_MYNRT_015_013,,,,,,,,,MULTIOBS_GLO_PHY_S_SURFACE_MYNRT_015_013,,,,,,,,86,cmems,cmems,cmems
EO.MO.DAT.MULTIOBS-GLO-PHY-TSUV-3D-MYNRT-015-012,EO:MO:DAT:MULTIOBS_GLO_PHY_TSUV_3D_MYNRT_015_012,cmems,wekeo,wekeo,wekeo,wekeo,,EO:MO:DAT:MULTIOBS_GLO_PHY_TSUV_3D_MYNRT_015_012,,,,,,,,,MULTIOBS_GLO_PHY_TSUV_3D_MYNRT_015_012,,,,,,,,87,cmems,cmems,cmems
EO.MO.DAT.MULTIOBS-GLO-PHY-W-3D-REP-015-007,EO:MO:DAT:MULTIOBS_GLO_PHY_W_3D_REP_015_007,cmems,wekeo,wekeo,wekeo,wekeo,,EO:MO:DAT:MULTIOBS_GLO_PHY_W_3D_REP_015_007,,,,,,,,,MULTIOBS_GLO_PHY_W_3D_REP_015_007,,,,,,,,88,cmems,cmems,cmems
EO.MO.DAT.OCEANCOLOUR-GLO-BGC-L3-NRT-009-101,,cmems,wekeo,wekeo,wekeo,wekeo,,EO:MO:DAT:OCEANCOLOUR_GLO_BGC_L3_NRT_009_101,,,,,,,,,OCEANCOLOUR_GLO_BGC_L3_NRT_009_101,,,,,,,,89,cmems,cmems,cmems
EO.MO.DAT.OCEANCOLOUR-GLO-BGC-L4-NRT-009-102,,cmems,wekeo,wekeo,wekeo,wekeo,,EO:MO:DAT:OCEANCOLOUR_GLO_BGC_L4_NRT_009_102,,,,,,,,,OCEANCOLOUR_GLO_BGC_L4_NRT_009_102,,,,,,,,90,cmems,cmems,cmems
EO.MO.DAT.OCEANCOLOUR-GLO-BGC-L3-MY-009-103,,cmems,wekeo,wekeo,wekeo,wekeo,,EO:MO:DAT:OCEANCOLOUR_GLO_BGC_L3_MY_009_103,,,,,,,,,OCEANCOLOUR_GLO_BGC_L3_MY_009_103,,,,,,,,91,cmems,cmems,cmems
EO.MO.DAT.OCEANCOLOUR-GLO-BGC-L4-MY-009-104,,cmems,wekeo,wekeo,wekeo,wekeo,,EO:MO:DAT:OCEANCOLOUR_GLO_BGC_L4_MY_009_104,,,,,,,,,OCEANCOLOUR_GLO_BGC_L4_MY_009_104,,,,,,,,92,cmems,cmems,cmems
EO.MO.DAT.OCEANCOLOUR-GLO-BGC-L3-MY-009-107,,cmems,wekeo,wekeo,wekeo,wekeo,,EO:MO:DAT:OCEANCOLOUR_GLO_BGC_L3_MY_009_107,,,,,,,,,OCEANCOLOUR_GLO_BGC_L3_MY_009_107,,,,,,,,93,cmems,cmems,cmems
EO.MO.DAT.OCEANCOLOUR-GLO-BGC-L4-MY-009-108,,cmems,wekeo,wekeo,wekeo,wekeo,,EO:MO:DAT:OCEANCOLOUR_GLO_BGC_L4_MY_009_108,,,,,,,,,OCEANCOLOUR_GLO_BGC_L4_MY_009_108,,,,,,,,94,cmems,cmems,cmems
EO.MO.DAT.SEAICE-GLO-SEAICE-L4-NRT-OBSERVATIONS-011-001,EO:MO:DAT:SEAICE_GLO_SEAICE_L4_NRT_OBSERVATIONS_011_001,cmems,wekeo,wekeo,wekeo,wekeo,,EO:MO:DAT:SEAICE_GLO_SEAICE_L4_NRT_OBSERVATIONS_011_001,,,,,,,,,SEAICE_GLO_SEAICE_L4_NRT_OBSERVATIONS_011_001,,,,,,,,100,cmems,cmems,cmems
EO.MO.DAT.SEAICE-GLO-SEAICE-L4-NRT-OBSERVATIONS-011-006,EO:MO:DAT:SEAICE_GLO_SEAICE_L4_NRT_OBSERVATIONS_011_006,cmems,wekeo,wekeo,wekeo,wekeo,,EO:MO:DAT:SEAICE_GLO_SEAICE_L4_NRT_OBSERVATIONS_011_006,,,,,,,,,SEAICE_GLO_SEAICE_L4_NRT_OBSERVATIONS_011_006,,,,,,,,101,cmems,cmems,cmems
EO.MO.DAT.SEAICE-GLO-SEAICE-L4-REP-OBSERVATIONS-011-009,EO:MO:DAT:SEAICE_GLO_SEAICE_L4_REP_OBSERVATIONS_011_009,cmems,wekeo,wekeo,wekeo,wekeo,,EO:MO:DAT:SEAICE_GLO_SEAICE_L4_REP_OBSERVATIONS_011_009,,,,,,,,,SEAICE_GLO_SEAICE_L4_REP_OBSERVATIONS_011_009,,,,,,,,102,cmems,cmems,cmems
EO.MO.DAT.SEALEVEL-GLO-PHY-L4-NRT-OBSERVATIONS-008-046,EO:MO:DAT:SEALEVEL_GLO_PHY_L4_NRT_OBSERVATIONS_008_046,cmems,wekeo,wekeo,wekeo,wekeo,,EO:MO:DAT:SEALEVEL_GLO_PHY_L4_NRT_OBSERVATIONS_008_046,,,,,,,,,SEALEVEL_GLO_PHY_L4_NRT_OBSERVATIONS_008_046,,,,,,,,103,cmems,cmems,cmems
EO.MO.DAT.SEALEVEL-GLO-PHY-MDT-008-063,EO:MO:DAT:SEALEVEL_GLO_PHY_MDT_008_063,cmems,wekeo,wekeo,wekeo,wekeo,,EO:MO:DAT:SEALEVEL_GLO_PHY_MDT_008_063,,,,,,,,,SEALEVEL_GLO_PHY_MDT_008_063,,,,,,,,104,cmems,cmems,cmems
EO.MO.DAT.SST-GLO-SST-L3S-NRT-OBSERVATIONS-010-010,EO:MO:DAT:SST_GLO_SST_L3S_NRT_OBSERVATIONS_010_010,cmems,wekeo,wekeo,wekeo,wekeo,,EO:MO:DAT:SST_GLO_SST_L3S_NRT_OBSERVATIONS_010_010,,,,,,,,,SST_GLO_SST_L3S_NRT_OBSERVATIONS_010_010,,,,,,,,105,cmems,cmems,cmems
EO.MO.DAT.SST-GLO-SST-L4-NRT-OBSERVATIONS-010-001,EO:MO:DAT:SST_GLO_SST_L4_NRT_OBSERVATIONS_010_001,cmems,wekeo,wekeo,wekeo,wekeo,,EO:MO:DAT:SST_GLO_SST_L4_NRT_OBSERVATIONS_010_001,,,,,,,,,SST_GLO_SST_L4_NRT_OBSERVATIONS_010_001,,,,,,,,106,cmems,cmems,cmems
EO.MO.DAT.SST-GLO-SST-L4-REP-OBSERVATIONS-010-011,EO:MO:DAT:SST_GLO_SST_L4_REP_OBSERVATIONS_010_011,cmems,wekeo,wekeo,wekeo,wekeo,,EO:MO:DAT:SST_GLO_SST_L4_REP_OBSERVATIONS_010_011,,,,,,,,,SST_GLO_SST_L4_REP_OBSERVATIONS_010_011,,,,,,,,109,cmems,cmems,cmems
EO.MO.DAT.SST-GLO-SST-L4-REP-OBSERVATIONS-010-024,EO:MO:DAT:SST_GLO_SST_L4_REP_OBSERVATIONS_010_024,cmems,wekeo,wekeo,wekeo,wekeo,,EO:MO:DAT:SST_GLO_SST_L4_REP_OBSERVATIONS_010_024,,,,,,,,,SST_GLO_SST_L4_REP_OBSERVATIONS_010_024,,,,,,,,110,cmems,cmems,cmems
EO.MO.DAT.WAVE-GLO-WAV-L3-SPC-NRT-OBSERVATIONS-014-002,EO:MO:DAT:WAVE_GLO_WAV_L3_SPC_NRT_OBSERVATIONS_014_002,cmems,wekeo,wekeo,wekeo,wekeo,,EO:MO:DAT:WAVE_GLO_WAV_L3_SPC_NRT_OBSERVATIONS_014_002,,,,,,,,,WAVE_GLO_WAV_L3_SPC_NRT_OBSERVATIONS_014_002,,,,,,,,111,cmems,cmems,cmems
EO.MO.DAT.WAVE-GLO-WAV-L3-SWH-NRT-OBSERVATIONS-014-001,EO:MO:DAT:WAVE_GLO_WAV_L3_SWH_NRT_OBSERVATIONS_014_001,cmems,wekeo,wekeo,wekeo,wekeo,,EO:MO:DAT:WAVE_GLO_PHY_SWH_L3_NRT_014_001,,,,,,,,,WAVE_GLO_PHY_SWH_L3_NRT_014_001,,,,,,,,112,cmems,cmems,cmems
EO.MO.DAT.WAVE-GLO-WAV-L4-SWH-NRT-OBSERVATIONS-014-003,EO:MO:DAT:WAVE_GLO_WAV_L4_SWH_NRT_OBSERVATIONS_014_003,cmems,wekeo,wekeo,wekeo,wekeo,,EO:MO:DAT:WAVE_GLO_PHY_SWH_L4_NRT_014_003,,,,,,,,,WAVE_GLO_PHY_SWH_L4_NRT_014_003,,,,,,,,113,cmems,cmems,cmems
EO.MO.DAT.WIND-GLO-PHY-CLIMATE-L4-REP-012-003,EO:MO:DAT:WIND_GLO_PHY_CLIMATE_L4_REP_012_003,cmems,wekeo,wekeo,wekeo,wekeo,,EO:MO:DAT:WIND_GLO_PHY_CLIMATE_L4_MY_012_003,,,,,,,,,WIND_GLO_PHY_CLIMATE_L4_MY_012_003,,,,,,,,114,cmems,cmems,cmems
EO.MO.DAT.WIND-GLO-WIND-L3-NRT-OBSERVATIONS-012-002,EO:MO:DAT:WIND_GLO_WIND_L3_NRT_OBSERVATIONS_012_002,cmems,wekeo,wekeo,wekeo,wekeo,,EO:MO:DAT:WIND_GLO_WIND_L3_NRT_OBSERVATIONS_012_002,,,,,,,,,WIND_GLO_WIND_L3_NRT_OBSERVATIONS_012_002,,,,,,,,115,cmems,cmems,cmems
EO.MO.DAT.WIND-GLO-WIND-L3-REP-OBSERVATIONS-012-005,EO:MO:DAT:WIND_GLO_WIND_L3_REP_OBSERVATIONS_012_005,cmems,wekeo,wekeo,wekeo,wekeo,,EO:MO:DAT:WIND_GLO_WIND_L3_REP_OBSERVATIONS_012_005,,,,,,,,,WIND_GLO_WIND_L3_REP_OBSERVATIONS_012_005,,,,,,,,116,cmems,cmems,cmems
EO.MO.DAT.WIND-GLO-WIND-L4-NRT-OBSERVATIONS-012-004,EO:MO:DAT:WIND_GLO_WIND_L4_NRT_OBSERVATIONS_012_004,cmems,wekeo,wekeo,wekeo,wekeo,,EO:MO:DAT:WIND_GLO_PHY_L4_NRT_012_004,,,,,,,,,WIND_GLO_PHY_L4_NRT_012_004,,,,,,,,117,cmems,cmems,cmems
EO.MO.DAT.WIND-GLO-WIND-L4-REP-OBSERVATIONS-012-006,EO:MO:DAT:WIND_GLO_WIND_L4_REP_OBSERVATIONS_012_006,cmems,wekeo,wekeo,wekeo,wekeo,,EO:MO:DAT:WIND_GLO_PHY_L4_MY_012_006,,,,,,,,,WIND_GLO_PHY_L4_MY_012_006,,,,,,,,118,cmems,cmems,cmems
EO.CLMS.DAT.URBAN-ATLAS,EO:CLMS:DAT:URBAN-ATLAS,eea,wekeo,wekeo,wekeo,wekeo,,EO:CLMS:DAT:URBAN-ATLAS,,,,,,,e006507d-15c8-49e6-959c-53b61facd873,,,,,,,,,,119,EEA,EEA,EEA
EO.CLMS.DAT.HRL,EO:CLMS:DAT:HRL,eea,wekeo,wekeo,wekeo,wekeo,,EO:CLMS:DAT:HRL,,,,,,,,,,,,,,,,,120,EEA,EEA,EEA
EO.CLMS.DAT.EU-HYDRO,EO:CLMS:DAT:EU-HYDRO,eea,wekeo,wekeo,wekeo,wekeo,,EO:CLMS:DAT:EU-HYDRO,,,,,,,2e782ca5-c7b2-4b48-8928-03031b642176,,,,,,,,,,121,EEA,EEA,EEA
EO.CLMS.DAT.GLO.LAI300_V1,EO:CLMS:DAT:CGLS_GLOBAL_LAI300_V1_333M,clms,wekeo,wekeo,wekeo,wekeo,,EO:CLMS:DAT:CGLS_GLOBAL_LAI300_V1_333M,,,urn:cgls:global:lai300_v1_333m,CGLS_LAI300_V1_GLOBAL,,CGLS_LAI300_V1_GLOBAL,,,,,,,,,,,122,JRC,VITO NV,VITO NV
EO.CLMS.DAT.GLO.FAPAR300_V1,EO:CLMS:DAT:CGLS_GLOBAL_FAPAR300_V1_333M,clms,wekeo,wekeo,wekeo,wekeo,,EO:CLMS:DAT:CGLS_GLOBAL_FAPAR300_V1_333M,,,urn:cgls:global:fapar300_v1_333m,CGLS_FAPAR300_V1_GLOBAL,,CGLS_FAPAR300_V1_GLOBAL,,,,,,,,,,,123,JRC,VITO NV,VITO NV
EO.CLMS.DAT.EU.SWI_1KM_V1,Daily_SWI_1km_Europe_V1,clms,wekeo,wekeo,wekeo,wekeo,,EO:EEA:DAT:VEGETATION:DAILY_SWI_1KM_EUROPE_V1,,,urn:cgls:global:swi_v1_1km,,,,,,,,,,,,,,124,JRC,VITO NV,VITO NV
EO.EUM.DAT.SENTINEL-3.SL_1_RBT___,EO:EUM:DAT:SENTINEL-3:SL_1_RBT___,eum,wekeo,wekeo,wekeo,wekeo,,EO:EUM:DAT:SENTINEL-3:SL_1_RBT___,,,,,,,,EO:EUM:DAT:0411,,,,,,,,,125,EUMETSAT,EUMETSAT,EUMETSAT
EO.CLMS.DAT.EU.SSM_1KM_V1,Daily_SSM_1km_Europe_V1,clms,wekeo,wekeo,wekeo,wekeo,,EO:EEA:DAT:VEGETATION:DAILY_SSM_1KM_EUROPE_V1,,,urn:cgls:global:ssm_v1_1km,CGLS_SSM_V1_EUROPE,,CGLS_SSM_V1_EUROPE,,,,,,,,,,,126,JRC,VITO NV,VITO NV
EO.EUM.DAT.SENTINEL-3.SR_1_SRA_A_,EO:EUM:DAT:SENTINEL-3:SR_1_SRA_A_,eum,wekeo,wekeo,wekeo,wekeo,,EO:EUM:DAT:SENTINEL-3:SR_1_SRA___,,,,,,,,EO:EUM:DAT:0413,,,,,,,,,127,EUMETSAT,EUMETSAT,EUMETSAT
EO.EUM.DAT.SENTINEL-3.SL_2_WST___,EO:EUM:DAT:0412,eum,wekeo,wekeo,wekeo,wekeo,,EO:EUM:DAT:SENTINEL-3:SL_2_WST___,,,,,,,,EO:EUM:DAT:0412,,,,,,,,,128,EUMETSAT,EUMETSAT,EUMETSAT
EO.EUM.DAT.SENTINEL-3.SR_1_SRA_BS,EO:EUM:DAT:SENTINEL-3:SR_1_SRA_BS,eum,wekeo,wekeo,wekeo,wekeo,,EO:EUM:DAT:SENTINEL-3:SR_1_SRA_BS,,,,,,,,EO:EUM:DAT:0414,,,,,,,,,129,EUMETSAT,EUMETSAT,EUMETSAT
EO.ECMWF.DAT.GLACIERS-DISTRIBUTION-DATA-FROM-RANDOLPH-GLACIER-INVENTORY-2000,EO:ECMWF:DAT:GLACIERS_DISTRIBUTION_DATA_FROM_RANDOLPH_GLACIER_INVENTORY_2000,cds,wekeo,wekeo,wekeo,wekeo,,EO:ECMWF:DAT:GLACIERS_DISTRIBUTION_DATA_FROM_RANDOLPH_GLACIER_INVENTORY_2000,,eu.copernicus.climate.insitu-glaciers-extent,,,,,,,,,,,,,,,130,ECMWF,ECMWF,ECMWF
EO.ECMWF.DAT.GLACIERS-ELEVATION-AND-MASS-CHANGE-DATA-1850-PRESENT,EO:ECMWF:DAT:GLACIERS_ELEVATION_AND_MASS_CHANGE_DATA_1850_PRESENT,cds,wekeo,wekeo,wekeo,wekeo,,EO:ECMWF:DAT:GLACIERS_ELEVATION_AND_MASS_CHANGE_DATA_1850_PRESENT,,eu.copernicus.climate.insitu-glaciers-elevation-mass,,,,,,,,,,,,,,,131,ECMWF,ECMWF,ECMWF
EO.ECMWF.DAT.SEA-ICE-MONTHLY-AND-DAILY-GRIDDED-DATA-1978-PRESENT,EO:ECMWF:DAT:SEA_ICE_MONTHLY_AND_DAILY_GRIDDED_DATA_1978_PRESENT,cds,wekeo,wekeo,wekeo,wekeo,,EO:ECMWF:DAT:SEA_ICE_MONTHLY_AND_DAILY_GRIDDED_DATA_1978_PRESENT,,eu.copernicus.climate.satellite-sea-ice,,,,,,,,,,,,,,,132,ECMWF,ECMWF,ECMWF
EO.ECMWF.DAT.SEA-LEVEL-DAILY-GRIDDED-DATA-FOR-BLACK-SEA-1993-PRESENT,EO:ECMWF:DAT:SEA_LEVEL_DAILY_GRIDDED_DATA_FOR_BLACK_SEA_1993_PRESENT,cds,wekeo,wekeo,wekeo,wekeo,,EO:ECMWF:DAT:SATELLITE_SEA_LEVEL_BLACK_SEA,,eu.copernicus.climate.satellite-sea-level-black-sea,,,,,,,,,,,,,,,133,ECMWF,ECMWF,ECMWF
EO.ECMWF.DAT.SEA-LEVEL-DAILY-GRIDDED-DATA-FOR-GLOBAL-OCEAN-1993-PRESENT,EO:ECMWF:DAT:SEA_LEVEL_DAILY_GRIDDED_DATA_FOR_GLOBAL_OCEAN_1993_PRESENT,cds,wekeo,wekeo,wekeo,wekeo,,EO:ECMWF:DAT:SEA_LEVEL_DAILY_GRIDDED_DATA_FOR_GLOBAL_OCEAN_1993_PRESENT,,eu.copernicus.climate.satellite-sea-level-global,,,,,,,,,,,,,,,134,ECMWF,ECMWF,ECMWF
EO.ECMWF.DAT.SEA-LEVEL-DAILY-GRIDDED-DATA-FOR-MEDITERRANEAN-SEA-1993-PRESENT,EO:ECMWF:DAT:SEA_LEVEL_DAILY_GRIDDED_DATA_FOR_MEDITERRANEAN_SEA_1993_PRESENT,cds,wekeo,wekeo,wekeo,wekeo,,EO:ECMWF:DAT:SATELLITE_SEA_LEVEL_MEDITERRANEAN,,eu.copernicus.climate.satellite-sea-level-mediterranean,,,,,,,,,,,,,,,135,ECMWF,ECMWF,ECMWF
EO.ECMWF.DAT.CEMS-GLOFAS-HISTORICAL,EO:ECMWF:DAT:CEMS_GLOFAS_HISTORICAL,cds,wekeo,wekeo,wekeo,wekeo,,EO:ECMWF:DAT:CEMS_GLOFAS_HISTORICAL,,eu.copernicus.climate.cems-glofas-historical,,,,,,,,,,,,,,,136,ECMWF,ECMWF,ECMWF
EO.ECMWF.DAT.CEMS-GLOFAS-FORECAST,EO:ECMWF:DAT:CEMS_GLOFAS_FORECAST,cds,wekeo,wekeo,wekeo,wekeo,,EO:ECMWF:DAT:CEMS_GLOFAS_FORECAST,,eu.copernicus.climate.cems-glofas-forecast,,,,,,,,,,,,,,,137,ECMWF,ECMWF,ECMWF
EO.ECMWF.DAT.CEMS-GLOFAS-SEASONAL,EO:ECMWF:DAT:CEMS_GLOFAS_SEASONAL,cds,wekeo,wekeo,wekeo,wekeo,,EO:ECMWF:DAT:CEMS_GLOFAS_SEASONAL,,eu.copernicus.climate.cems-glofas-seasonal,,,,,,,,,,,,,,,138,ECMWF,ECMWF,ECMWF
EO.ECMWF.DAT.CEMS-FIRE-HISTORICAL,EO:ECMWF:DAT:CEMS_FIRE_HISTORICAL,cds,wekeo,wekeo,wekeo,wekeo,,EO:ECMWF:DAT:CEMS_FIRE_HISTORICAL,,eu.copernicus.climate.cems-fire-historical,,,,,,,,,,,,,,,139,ECMWF,ECMWF,ECMWF
EO.ECMWF.DAT.EFAS-REFORECAST,EO:ECMWF:DAT:EFAS_REFORECAST,cds,wekeo,wekeo,wekeo,wekeo,,EO:ECMWF:DAT:EFAS_REFORECAST,,eu.copernicus.climate.efas-reforecast,,,,,,,,,,,,,,,140,ECMWF,ECMWF,ECMWF
EO.ECMWF.DAT.EFAS-SEASONAL-REFORECAST,EO:ECMWF:DAT:EFAS_SEASONAL_REFORECAST,cds,wekeo,wekeo,wekeo,wekeo,,EO:ECMWF:DAT:EFAS_SEASONAL_REFORECAST,,eu.copernicus.climate.efas-seasonal-reforecast,,,,,,,,,,,,,,,141,ECMWF,ECMWF,ECMWF
EO.ECMWF.DAT.CEMS-GLOFAS-REFORECAST,EO:ECMWF:DAT:CEMS_GLOFAS_REFORECAST,cds,wekeo,wekeo,wekeo,wekeo,,EO:ECMWF:DAT:CEMS_GLOFAS_REFORECAST,,eu.copernicus.climate.cems-glofas-reforecast,,,,,,,,,,,,,,,142,ECMWF,ECMWF,ECMWF
EO.ECMWF.DAT.CEMS-GLOFAS-SEASONAL-REFORECAST,EO:ECMWF:DAT:CEMS_GLOFAS_SEASONAL_REFORECAST,cds,wekeo,wekeo,wekeo,wekeo,,EO:ECMWF:DAT:CEMS_GLOFAS_SEASONAL_REFORECAST,,eu.copernicus.climate.cems-glofas-seasonal-reforecast,,,,,,,,,,,,,,,143,ECMWF,ECMWF,ECMWF
EO.EUM.DAT.SENTINEL-3.AOD,EO:EUM:DAT:0416,eum,wekeo,wekeo,wekeo,wekeo,,EO:EUM:DAT:SENTINEL-3:0416,,,,,,,,EO:EUM:DAT:0416,,,,,,,,,147,EUMETSAT,EUMETSAT,EUMETSAT
EO.EUM.DAT.SENTINEL-3.FRP,EO:EUM:DAT:0417,eum,wekeo,wekeo,wekeo,wekeo,,EO:EUM:DAT:SENTINEL-3:0417,,,,,,,,EO:EUM:DAT:0417,,,,,,,,,149,EUMETSAT,EUMETSAT,EUMETSAT
